Name,Position,Team,Salary,Projected,OppRank,OppRankTotal,Ceiling,Floor,StartingStatus,Consistency,ProjOwn,Consensus,Leverage,Safety,AlertScore,SIC,PPG,VersusStr,Vegas,VegasML,VegasTotals,VegasImplied,FPM,Usage,Momentum,FP,Minutes,ClutchFP,ClutchRatio,TouchesPerMin,ThreeRate,ScoringFrequency,ScoringConsistency,DominantQuarter,LateGameEmphasis,Substitutions,StarterOrStuffer
Nikola Jokic,C,DEN,11500,58.7,1,30,73.68,47.94,1,92.0,14.1,58.75,156,181,2,0,61.4,@MIN,-6.5,-230,229.5,118.0,1.5844131097560976,0.9336890243902439,0.0,56.875,36.5,0.375,0.00652173913043475,1.008765243902439,0.84375,0.12347560975609756,0.1226230454112188,2.0,0.2,2.5,1.0
Victor Wembanyama,C,SAS,11000,65.14,20,30,66.85,45.87,1,89.0,22.0,58.32,95,195,10,0,70.7,vs TOR,-4.5,-175,232.5,118.5,2.1247106481481484,1.1210648148148148,0.0,69.16666666666667,32.666666666666664,6.75,0.09698017731352797,1.5821759259259258,0.16109625668449198,0.40185185185185185,0.15398372689991577,2.3333333333333335,0.25945378151260506,4.333333333333333,0.0
Shai Gilgeous-Alexander,PG,OKC,10500,51.83,17,30,66.96,40.38,1,92.0,7.9,52.54,228,150,4,0,60.7,@DAL,-8.5,-375,225.5,117.0,1.5257221271161112,1.1895111545881905,0.0,60.666666666666664,40.333333333333336,0.0,0.0,0.0,0.0,0.0,0.0,0.0,0.0,0.0,0.0
Anthony Davis,PF/C,DAL,10000,52.73,11,30,65.39,28.98,1,90.0,20.1,50.39,84,151,-5,0,52.2,vs OKC,8.5,295,225.5,108.5,1.4481947055137845,0.8506109022556391,0.0,50.666666666666664,35.0,3.9166666666666665,0.07553386281416213,1.2458803258145363,0.21049783549783543,0.28218984962406013,0.2021939136143177,1.3333333333333333,0.14358974358974355,4.333333333333333,0.6666666666666666
Cade Cunningham,PG,DET,9800,48.0,4,30,60.19,44.06,1,89.0,13.6,50.32,114,153,5,0,44.3,vs CLE,1.5,110,231.5,115.0,1.1909780106374535,1.0198327644148077,0.0,43.75,37.0,5.5,0.1265116166075885,1.0275065491783757,0.34697855750487333,0.29902622317482996,0.20902797339671508,4.0,0.5151515151515151,4.666666666666667,0.3333333333333333
Zion Williamson,PF,NOP,9600,0.0,6,30,0.0,0.0,4,0.0,0.0,0.0,0,0,0,0,54.9,vs BOS,4.5,164,231.5,113.5,1.5516994266994266,1.0438165438165439,0.0,54.125,35.0,4.75,0.08786695681856965,1.1887796887796886,0.0,0.4586404586404586,0.11358314659120555,3.0,0.375,4.0,0.0
Alperen Sengun,PF/C,HOU,9500,53.53,2,30,56.22,35.78,1,89.0,3.2,46.14,463,132,10,0,56.0,vs BKN,-16.5,-1350,224.5,120.5,1.2479189044038668,0.8654672395273898,0.0,55.25,43.5,5.25,0.09184862677837144,0.9546186895810956,0.20629370629370625,0.29484425349086996,0.18265129523124304,2.5,0.35,4.5,0.0
Donovan Mitchell,PG/SG,CLE,9400,44.37,22,30,61.67,31.14,1,87.0,2.7,44.75,525,115,3,0,44.3,@DET,-1.5,-130,231.5,116.5,1.2714646464646464,1.1039682539682538,0.0,44.25,34.666666666666664,2.6666666666666665,0.05907720316322463,0.9916305916305918,0.5149572649572649,0.38249158249158244,0.18197689774821627,2.6666666666666665,0.30833333333333335,4.666666666666667,0.0
Tyrese Maxey,PG,PHI,9300,42.61,18,30,58.74,27.39,1,88.0,1.1,46.11,686,111,-2,0,56.3,vs ORL,6.5,195,228.5,111.0,1.3568524970963995,1.0374564459930313,0.0,56.25,41.5,3.0,0.05499046408137315,0.93931475029036,0.29230769230769227,0.32549361207897787,0.18937365472729434,3.0,0.6373626373626373,3.5,0.0
Trae Young,PG,ATL,9200,42.92,24,30,58.02,38.54,1,90.0,5.1,44.32,262,126,3,0,36.2,@CHI,-2.5,-142,243.5,123.0,1.0928104575163398,0.9313725490196078,0.0,35.666666666666664,32.666666666666664,7.416666666666667,0.2110883216055031,0.8758169934640523,0.33207070707070707,0.3607843137254902,0.19721843285590435,3.0,0.3442460317460317,4.0,0.0
Anthony Edwards,SG,MIN,9100,0.0,21,30,0.0,0.0,4,0.0,0.0,0.0,0,0,0,0,35.5,vs DEN,6.5,190,229.5,111.5,1.6474969474969476,1.3106227106227106,0.0,35.5,25.666666666666668,1.0,0.020171890798786632,1.4188034188034189,0.42424242424242425,0.27863247863247864,0.1419871412407739,2.0,0.08683473389355739,1.3333333333333333,1.0
Kevin Durant,SG/SF,HOU,9000,36.35,16,30,55.03,30.88,1,90.0,5.1,42.89,237,110,0,0,44.3,vs BKN,-16.5,-1350,224.5,120.5,1.090281771132835,0.8326624496837263,0.0,44.25,42.0,4.5,0.09090012816720884,0.8993674525589419,0.25,0.3766532489936745,0.17297260439750858,2.5,0.35,4.0,0.5
Devin Booker,PG,PHX,8900,41.09,5,30,51.88,30.56,1,89.0,14.2,46.49,87,127,5,0,38.1,@UTA,1.5,105,229.5,114.0,1.13009438009438,1.127127127127127,0.0,38.083333333333336,33.666666666666664,3.0,0.07204983971451033,0.9627127127127126,0.42777777777777776,0.3928213928213928,0.16366496654037765,2.6666666666666665,0.1607142857142857,2.3333333333333335,0.6666666666666666
Josh Giddey,PG/SG,CHI,8700,44.4,14,30,65.19,39.19,1,86.0,5.7,43.57,234,125,2,0,40.1,vs ATL,2.5,120,243.5,120.5,1.2971443965517242,1.0269396551724137,0.0,39.375,30.5,2.875,0.07666666666666665,1.1018318965517242,0.1919191919191919,0.2834051724137931,0.1460628657361353,3.0,0.43181818181818177,5.0,1.0
Evan Mobley,PF/C,CLE,8600,44.38,23,30,50.59,27.41,1,88.0,8.9,44.27,135,119,2,0,43.3,@DET,-1.5,-130,231.5,116.5,1.25,0.7690631808278866,0.0,43.333333333333336,34.666666666666664,3.0,0.07312654634057324,0.9809368191721134,0.3611111111111111,0.22276688453159035,0.360243362462856,2.3333333333333335,0.22222222222222224,4.0,0.6666666666666666
Jaylen Brown,SG/SF,BOS,8500,38.59,9,30,49.01,25.02,1,88.0,5.4,40.53,202,103,0,0,42.0,@NOP,-4.5,-198,231.5,118.0,1.2088624338624339,1.0679894179894178,0.0,42.666666666666664,35.333333333333336,4.25,0.1015057406361754,1.0584656084656083,0.2767676767676767,0.3682539682539682,0.12490234177070607,2.6666666666666665,0.4351851851851852,3.3333333333333335,0.3333333333333333
Jalen Johnson,PF,ATL,8400,33.96,16,30,53.48,27.52,1,87.0,9.7,39.39,110,103,-2,0,34.6,@CHI,-2.5,-142,243.5,123.0,1.107967032967033,0.7791208791208791,0.0,34.625,30.5,2.125,0.0469613259668508,0.8945054945054944,0.0714285714285714,0.239010989010989,0.10659800961545335,1.5,0.35,4.0,1.0
Paolo Banchero,PF,ORL,8300,45.51,13,30,57.61,33.26,1,89.0,4.3,42.58,281,120,5,0,35.8,@PHI,-6.5,-238,228.5,117.5,0.9765873015873016,0.6552910052910054,0.0,34.75,35.666666666666664,1.6666666666666667,0.03898635477582844,1.066931216931217,0.28461538461538455,0.29947089947089944,0.17068001006006153,3.0,0.21825396825396823,2.3333333333333335,1.0
Scottie Barnes,PG/SF,TOR,8200,45.36,17,30,52.2,26.39,1,89.0,3.5,40.28,323,110,7,0,46.7,@SAS,4.5,145,232.5,114.0,1.3694512527233116,0.9776688453159043,0.0,46.166666666666664,34.0,4.25,0.08338253326672412,0.9810729847494554,0.09393939393939393,0.2057461873638344,0.1577572981391087,2.3333333333333335,0.242063492063492,4.666666666666667,0.0
Nikola Vucevic,C,CHI,8100,37.21,4,30,52.46,30.5,1,89.0,1.9,41.74,532,105,0,0,41.0,vs ATL,2.5,120,243.5,120.5,1.2475562072336266,0.8084066471163245,0.0,40.25,32.0,1.375,0.0363529014844804,0.9022482893450636,0.16666666666666666,0.11094819159335285,0.5314097015186094,2.0,0.2,2.0,1.0
Derrick White,PG,BOS,8000,35.8,11,30,45.52,27.35,1,88.0,5.4,38.79,178,101,-2,0,37.1,@NOP,-4.5,-198,231.5,118.0,1.036880386880387,0.6493818493818494,0.0,36.416666666666664,35.0,3.9166666666666665,0.10862055576234557,0.7454467454467455,0.6757575757575758,0.19014859014859012,0.15537050138187072,2.6666666666666665,0.5256410256410257,2.6666666666666665,0.6666666666666666
Jalen Williams,SF/PF,OKC,8000,0.0,9,30,0.0,0.0,4,0.0,0.0,0.0,0,0,0,0,0.0,@DAL,-8.5,-375,225.5,117.0,,,,,,,,,,,,,,,
Darius Garland,PG,CLE,7900,0.0,8,30,0.0,0.0,4,0.0,0.0,0.0,0,0,0,0,0.0,@DET,-1.5,-130,231.5,116.5,,,,,,,,,,,,,,,
Chet Holmgren,PF/C,OKC,7900,38.89,21,30,43.82,22.15,1,86.0,9.5,37.5,100,100,7,0,44.5,@DAL,-8.5,-375,225.5,117.0,1.3271604938271604,0.8850902184235517,0.0,43.5,35.0,5.583333333333333,0.12640380092480655,0.982905982905983,0.5055555555555555,0.26780626780626776,0.1907010993463488,2.6666666666666665,0.2962962962962963,4.0,1.0
Franz Wagner,SF/PF,ORL,7800,40.31,23,30,46.28,33.72,1,89.0,8.7,38.06,112,115,10,0,36.8,@PHI,-6.5,-238,228.5,117.5,1.0472222222222223,0.8164643635231871,0.0,36.75,35.0,3.6666666666666665,0.10752482811306337,0.8954248366013072,0.25925925925925924,0.23767507002801117,0.17439871225618628,1.6666666666666667,0.12169312169312167,5.333333333333333,0.0
Joel Embiid,C,PHI,7700,0.0,8,30,0.0,0.0,4,0.0,0.0,0.0,0,0,0,0,24.3,vs ORL,6.5,195,228.5,111.0,1.2125,0.85,0.0,24.25,20.0,0.0,0.0,1.0,0.5357142857142857,0.15000000000000002,0.5867226969186408,1.5,0.0,2.5,1.0
Coby White,PG/SG,CHI,7600,0.0,25,30,0.0,0.0,4,0.0,0.0,0.0,0,0,0,0,0.0,vs ATL,2.5,120,243.5,120.5,,,,,,,,,,,,,,,
Julius Randle,PF,MIN,7500,40.47,24,30,50.46,28.7,1,89.0,15.3,40.75,65,120,1,0,45.7,vs DEN,6.5,190,229.5,111.5,1.3112554862554862,0.955994455994456,0.0,45.666666666666664,35.333333333333336,3.5,0.07701631600586907,0.8709170709170709,0.39682539682539675,0.2796950796950796,0.2078577086994939,2.3333333333333335,0.11805555555555554,2.6666666666666665,1.0
Jamal Murray,PG,DEN,7500,41.04,28,30,52.16,27.84,1,88.0,4.4,36.59,221,104,-1,0,45.4,@MIN,-6.5,-230,229.5,118.0,1.2421875,0.94375,0.0,44.625,36.0,4.875,0.11410256410256406,0.790625,0.4652777777777778,0.265625,0.1538808236820167,3.5,0.2722222222222222,3.5,0.0
RJ Barrett,SG,TOR,7500,35.1,28,30,42.83,25.95,1,87.0,3.8,32.61,218,91,5,0,36.3,@SAS,4.5,145,232.5,114.0,1.1929653679653678,0.8582972582972582,0.0,36.333333333333336,30.333333333333332,0.0,0.0,0.0,0.0,0.0,0.0,0.0,0.0,0.0,0.0
Mark Williams,C,PHX,7500,25.62,27,30,45.38,23.18,2,84.0,3.0,27.41,246,72,3,0,16.4,@UTA,1.5,105,229.5,114.0,0.8236607142857143,0.21726190476190474,0.0,16.375,19.0,2.25,0.0967741935483871,0.7321428571428572,0.0,0.056547619047619,0.0,2.0,0.0,4.0,0.0
Amen Thompson,PG,HOU,7400,35.2,9,30,43.7,24.71,1,85.0,3.3,34.83,255,91,3,0,24.0,vs BKN,-16.5,-1350,224.5,120.5,0.675,0.5628205128205128,0.0,24.0,34.5,1.625,0.08374689826302725,0.7128205128205127,0.5,0.23589743589743584,0.14094925792502105,2.0,0.25,4.0,0.0
Paul George,SF/PF,PHI,7400,0.0,5,30,0.0,0.0,4,0.0,0.0,0.0,0,0,0,0,0.0,vs ORL,6.5,195,228.5,111.0,,,,,,,,,,,,,,,
Cam Thomas,PG/SG,BKN,7300,37.63,10,30,47.54,25.64,1,81.0,7.1,34.91,124,95,3,0,37.6,@HOU,16.5,800,224.5,104.0,1.2114583333333333,1.1507936507936507,0.0,37.916666666666664,30.333333333333332,2.3333333333333335,0.06831124737313427,1.1180555555555556,0.44800569800569806,0.48313492063492064,0.16892571610993512,2.0,0.14579124579124578,3.3333333333333335,0.3333333333333333
Brandon Ingram,SF,TOR,7200,37.66,27,30,50.19,27.91,1,88.0,2.7,36.39,331,98,6,0,37.8,@SAS,4.5,145,232.5,114.0,1.1840017100433768,0.9122872872872874,0.0,37.75,32.0,3.25,0.08143790849673199,0.9570403737070402,0.25,0.20530947614280945,0.1410175312061562,3.0,0.1111111111111111,4.0,0.3333333333333333
Trey Murphy III,SG/SF,NOP,7200,37.74,2,30,44.26,21.46,1,88.0,14.5,38.4,60,105,3,0,39.4,vs BOS,4.5,164,231.5,113.5,0.9645040760869565,0.5917119565217391,0.0,38.625,39.0,2.375,0.09047619047619045,0.7010869565217391,0.5634920634920635,0.1120923913043478,0.0940887650117363,3.0,0.5,2.5,0.5
Kristaps Porzingis,PF/C,ATL,7200,31.54,17,30,35.21,10.17,1,85.0,5.5,33.36,131,73,2,0,36.8,@CHI,-2.5,-142,243.5,123.0,1.4134615384615383,0.9230769230769232,0.0,36.75,26.0,3.0,0.0816326530612244,1.0769230769230769,0.5,0.2307692307692307,0.1286276013972165,1.0,0.0,4.0,1.0
De'Aaron Fox,PG,SAS,7200,0.0,20,30,0.0,0.0,4,0.0,0.0,0.0,0,0,0,0,0.0,vs TOR,-4.5,-175,232.5,118.5,,,,,,,,,,,,,,,
Jalen Duren,C,DET,7200,32.9,7,30,47.33,22.58,1,86.0,3.8,32.82,214,85,1,0,32.7,vs CLE,1.5,110,231.5,115.0,1.5591269841269841,0.8230158730158731,0.0,32.166666666666664,20.0,3.5833333333333335,0.10641242937853107,1.2476190476190476,0.0,0.29603174603174603,0.46332773493907026,2.6666666666666665,0.2222222222222222,3.0,0.6666666666666666
Stephon Castle,PG/SG,SAS,7100,32.78,20,30,46.07,26.33,1,86.0,1.1,33.39,399,88,0,0,32.4,vs TOR,-4.5,-175,232.5,118.5,1.0632183908045978,0.9358760013932428,0.0,32.416666666666664,30.666666666666668,1.6666666666666667,0.04292626867477164,1.044723092998955,0.32857142857142857,0.25433646812957156,0.10574719375651033,2.3333333333333335,0.35000000000000003,3.6666666666666665,0.6666666666666666
Immanuel Quickley,PG,TOR,7000,30.35,8,30,44.52,26.8,1,87.0,8.8,33.94,87,93,3,0,35.2,@SAS,4.5,145,232.5,114.0,1.0709435189499843,0.7454566635601118,0.0,35.166666666666664,32.666666666666664,2.6666666666666665,0.0745443633721848,0.822081780055918,0.5492424242424242,0.24454411307859583,0.15749289831230232,3.0,0.21666666666666667,3.6666666666666665,1.0
Lauri Markkanen,SF/PF,UTA,7000,32.13,25,30,37.89,20.61,1,87.0,4.9,35.23,150,86,6,0,38.8,vs PHX,-1.5,-125,229.5,115.5,1.1224747474747474,0.880050505050505,0.0,38.75,34.5,2.0,0.052539258269295,0.731060606060606,0.7424242424242424,0.1111111111111111,0.0548321566985622,0.5,0.125,4.0,0.5
Onyeka Okongwu,C,ATL,7000,35.47,23,30,48.7,23.49,2,87.0,1.6,30.76,402,86,0,0,33.2,@CHI,-2.5,-142,243.5,123.0,0.9966089466089466,0.5761904761904761,0.0,32.666666666666664,32.666666666666664,1.75,0.054367201426024934,0.7017316017316017,0.3849206349206349,0.10404040404040404,0.11665194473361777,2.0,0.2698412698412698,3.3333333333333335,0.6666666666666666
Aaron Gordon,PF,DEN,7000,31.95,15,30,46.07,21.43,1,86.0,1.6,29.56,377,79,2,0,48.3,@MIN,-6.5,-230,229.5,118.0,1.4346153846153846,1.0523076923076924,0.0,48.25,32.0,4.375,0.06340579710144925,0.8671794871794872,0.5416666666666667,0.27384615384615385,0.14727290694082734,2.5,0.16666666666666666,2.0,1.0
Desmond Bane,SG/SF,ORL,7000,35.63,25,30,47.51,24.53,1,88.0,0.8,34.88,413,91,10,0,30.3,@PHI,-6.5,-238,228.5,117.5,0.9353209514499836,0.7611599869664386,0.0,30.333333333333332,32.333333333333336,2.3333333333333335,0.07694367921640646,0.8318670576735094,0.44646464646464645,0.20397523623330072,0.18051178726474112,1.0,0.22685185185185186,3.3333333333333335,0.6666666666666666
Cooper Flagg,PG,DAL,6900,32.55,1,30,37.45,26.72,1,67.0,1.1,32.98,355,79,-2,0,32.1,vs OKC,8.5,295,225.5,108.5,0.9938526272577995,0.7104577175697866,0.0,31.583333333333332,32.0,3.4166666666666665,0.1058114590723286,0.8313321018062397,0.38888888888888884,0.19831691297208534,0.21427275579784966,3.0,0.375,4.333333333333333,0.0
Jordan Poole,PG/SG,NOP,6800,36.76,2,30,36.81,19.16,1,83.0,5.0,36.64,150,89,-2,0,28.5,vs BOS,4.5,164,231.5,113.5,0.7797010228166799,0.6601101494885917,0.0,28.5,36.0,-0.25,-0.00704225352112675,0.579464988198269,0.606060606060606,0.1538158929976396,0.1571821356647427,1.5,0.16666666666666666,3.0,1.0
Michael Porter Jr.,PF,BKN,6800,29.98,8,30,33.89,13.14,1,86.0,2.2,31.67,295,71,1,0,36.5,@HOU,16.5,800,224.5,104.0,1.0919493177387916,0.7266666666666667,0.0,36.166666666666664,33.0,3.5833333333333335,0.09350406829398424,0.7549707602339181,0.5562770562770564,0.10805068226120856,0.40334956288461604,2.6666666666666665,0.3666666666666667,4.0,0.6666666666666666
VJ Edgecombe,SG/SF,PHI,6800,37.55,23,30,50.75,30.04,1,57.99999999999999,10.5,33.56,79,88,0,0,46.4,vs ORL,6.5,195,228.5,111.0,1.1291666666666667,0.7767857142857143,0.0,46.375,41.0,0.0,0.0,0.0,0.0,0.0,0.0,0.0,0.0,0.0,0.0
Payton Pritchard,PG/SG,BOS,6700,36.87,13,30,37.23,11.86,1,78.0,3.3,33.61,219,76,3,0,31.8,@NOP,-4.5,-198,231.5,118.0,0.8849621680504033,0.5739710298533828,0.0,31.333333333333332,35.666666666666664,3.1666666666666665,0.08568840579710142,0.7050727197786021,0.6455026455026455,0.19734440322675617,0.1628118398610401,2.0,0.1898148148148148,3.3333333333333335,1.0
Quentin Grimes,SG/SF,PHI,6700,30.46,1,30,54.51,28.83,2,81.0,5.5,30.9,141,86,-1,0,28.8,vs ORL,6.5,195,228.5,111.0,0.93515625,0.8125,0.0,28.75,31.0,1.25,0.05617977528089885,0.8072916666666667,0.46428571428571425,0.14791666666666664,0.527288029327226,2.0,0.25,4.5,0.0
Devin Vassell,SG/SF,SAS,6700,29.19,8,30,39.89,21.61,1,87.0,1.4,32.2,339,79,11,0,28.4,vs TOR,-4.5,-175,232.5,118.5,0.805213133640553,0.5970814132104455,0.0,28.416666666666668,35.333333333333336,1.4166666666666667,0.0555173730431462,0.5959293394777266,0.4444444444444444,0.056029185867895494,0.38714016680118374,2.6666666666666665,0.3333333333333333,2.6666666666666665,1.0
Dyson Daniels,PG/SG,ATL,6600,25.85,5,30,45.09,23.22,1,86.0,6.1,30.11,109,78,-1,0,19.8,@CHI,-2.5,-142,243.5,123.0,0.7085220410628019,0.39123725174449814,0.0,19.833333333333332,27.333333333333332,3.5,0.16730672900317245,0.6025395866881375,0.16666666666666666,0.07236312399355876,0.3783479630880036,2.6666666666666665,0.5,3.0,0.6666666666666666
Walker Kessler,C,UTA,6600,33.03,26,30,48.45,22.64,1,86.0,1.9,33.42,379,85,-1,0,36.0,vs PHX,-1.5,-125,229.5,115.5,1.2297413793103447,0.6488505747126436,0.0,36.0,29.5,3.375,0.13660762211486843,0.8,0.0,0.13735632183908045,0.0544329170640413,3.5,0.6428571428571428,2.5,1.0
Isaiah Hartenstein,C,OKC,6500,27.54,21,30,30.291269614335356,14.88,1,86.0,1.1,32.28,293,71,6,0,28.5,@DAL,-8.5,-375,225.5,117.0,0.8375271823547686,0.3960857409133271,0.0,28.0,34.333333333333336,4.666666666666667,0.16764734383782,0.6477166821994408,0.16666666666666663,0.07952780366573463,0.4593752677906662,2.3333333333333335,0.611111111111111,4.666666666666667,1.0
Keyonte George,PG/SG,UTA,6500,30.0,7,30,38.4,21.72,1,86.0,2.2,33.35,301,81,4,0,36.3,vs PHX,-1.5,-125,229.5,115.5,1.1127450980392157,0.9372549019607842,0.0,35.5,32.0,2.0,0.05555555555555555,0.7303921568627451,0.6507936507936507,0.2598039215686274,0.15392989138432406,3.0,0.25,2.0,1.0
Anfernee Simons,PG/SG,BOS,6400,25.0,20,30,40.72,21.5,2,85.0,1.1,26.23,294,69,-2,0,20.2,@NOP,-4.5,-198,231.5,118.0,0.7281015163714439,0.5462627482555019,0.0,20.166666666666668,27.333333333333332,1.6666666666666667,0.0690737833594976,0.5590445517981749,0.6750000000000002,0.1553609769189479,0.12537346585271597,2.6666666666666665,0.2222222222222222,3.0,0.0
Jalen Green,PG/SG,PHX,6300,0.0,30,30,0.0,0.0,4,0.0,0.0,0.0,0,0,0,0,0.0,@UTA,1.5,105,229.5,114.0,,,,,,,,,,,,,,,
Jarrett Allen,C,CLE,6300,26.03,29,30,41.33,14.17,1,86.0,3.3,30.43,187,68,3,0,26.8,@DET,-1.5,-130,231.5,116.5,0.9478632478632477,0.5107448107448106,0.0,26.833333333333332,28.0,0.4166666666666667,0.01683501683501683,0.7315628815628816,0.05555555555555553,0.14004884004884,0.3931459647310959,2.3333333333333335,0.2619047619047619,4.333333333333333,0.0
Ausar Thompson,SF/PF,DET,6200,33.34,24,30,39.69,17.66,1,86.0,16.4,33.86,40,92,7,0,37.8,vs CLE,1.5,110,231.5,115.0,1.2110690235690236,0.7567340067340068,0.0,37.25,31.0,1.75,0.045785233285233234,0.8518518518518517,0.1574074074074074,0.1553030303030303,0.1685858567894378,2.3333333333333335,0.25925925925925924,4.333333333333333,0.0
Rudy Gobert,C,MIN,6200,27.94,16,30,37.44,11.06,1,86.0,5.3,32.06,114,70,-1,0,25.3,vs DEN,6.5,190,229.5,111.5,0.7677258403361344,0.3205532212885154,0.0,24.75,31.333333333333332,1.9166666666666667,0.1071212765916107,0.6288515406162465,0.0,0.10381652661064422,0.0832185879451591,2.0,0.27777777777777773,3.3333333333333335,0.3333333333333333
Jakob Poeltl,C,TOR,6100,26.05,19,30,39.76,18.96,1,85.0,1.1,26.93,283,68,6,0,20.6,@SAS,4.5,145,232.5,114.0,0.9456553842518755,0.5417331206804891,0.0,20.583333333333332,22.666666666666668,2.6666666666666665,0.1112631098951208,0.7115305097761238,0.0,0.0175438596491228,0.0,1.0,0.0,4.333333333333333,1.0
Grayson Allen,SG/SF,PHX,6000,32.84,29,30,36.120753428571426,9.94,1,83.0,7.0,31.56,86,73,12,0,32.2,@UTA,1.5,105,229.5,114.0,0.980806629513526,0.6861430395913155,0.0,32.166666666666664,32.666666666666664,2.6666666666666665,0.0769100743745774,0.5584871705561361,0.8194444444444445,0.09790433066295133,0.36283358868197163,2.6666666666666665,0.2619047619047619,3.3333333333333335,1.0
Cameron Johnson,SF/PF,DEN,6000,28.03,30,30,41.91,22.71,1,87.0,2.5,27.11,233,75,1,0,18.9,@MIN,-6.5,-230,229.5,118.0,0.69484375,0.445,0.0,18.875,28.5,3.0,0.1677083333333333,0.531875,0.75,0.135625,0.0480200201087959,2.0,0.16666666666666666,2.5,1.0
Max Strus,SF,CLE,5900,0.0,9,30,0.0,0.0,4,0.0,0.0,0.0,0,0,0,0,0.0,@DET,-1.5,-130,231.5,116.5,,,,,,,,,,,,,,,
PJ Washington,SF/PF,DAL,5900,33.43,27,30,39.1,20.37,1,85.0,3.6,30.82,169,81,5,0,31.8,vs OKC,8.5,295,225.5,108.5,,,,,,,,,,,,,,,
Jared McCain,PG/SG,PHI,5800,0.0,1,30,0.0,0.0,4,0.0,0.0,0.0,0,0,0,0,0.0,vs ORL,6.5,195,228.5,111.0,,,,,,,,,,,,,,,
Yves Missi,C,NOP,5800,16.03,18,30,33.81,12.83,2,83.0,1.7,21.37,207,47,2,0,17.8,vs BOS,4.5,164,231.5,113.5,0.7717391304347826,0.391304347826087,0.0,17.75,23.0,3.25,0.1830985915492957,0.6956521739130435,0.0,0.0869565217391304,1.0,1.0,0.0,3.0,0.0
Kelly Oubre Jr.,SF,PHI,5800,26.01,15,30,39.23,21.05,1,86.0,4.7,28.22,115,73,-4,0,22.6,vs ORL,6.5,195,228.5,111.0,0.6335453100158983,0.46144674085850557,0.0,22.625,35.5,0.75,0.02803738317757005,0.4538950715421304,0.6666666666666666,0.12639109697933223,0.21841747361972158,3.0,0.35,4.0,0.0
Jalen Suggs,PG,ORL,5700,21.63,6,30,42.16,15.62,1,83.0,1.1,21.71,244,55,2,0,23.1,@PHI,-6.5,-238,228.5,117.5,1.2976006191950464,1.0294117647058822,0.0,23.125,18.0,1.0,0.03846153846153845,0.7244582043343653,0.75,0.1439628482972136,0.04300322202797455,2.0,0.25,4.5,0.5
Nic Claxton,C,BKN,5700,23.66,3,30,37.06,17.41,1,88.0,1.7,27.9,253,66,-5,0,26.0,@HOU,16.5,800,224.5,104.0,0.9742825547524004,0.6157442370626102,0.0,26.0,26.666666666666668,0.0,0.0,0.6748480598410472,0.2976190476190476,0.1435789549394037,0.4277671449480606,2.0,0.0,3.0,0.6666666666666666
Tobias Harris,PF,DET,5700,28.55,21,30,37.83,20.13,1,85.0,2.2,30.37,251,75,2,0,31.1,vs CLE,1.5,110,231.5,115.0,0.861904761904762,0.47296918767506996,0.0,31.083333333333332,36.333333333333336,3.25,0.10288133244302217,0.6175070028011205,0.47420634920634924,0.11155462184873947,0.21631019110555802,1.6666666666666667,0.27777777777777773,2.6666666666666665,0.3333333333333333
Herbert Jones,SF/PF,NOP,5600,23.49,21,30,33.87,16.78,1,82.0,5.6,26.96,84,65,1,0,27.0,vs BOS,4.5,164,231.5,113.5,0.800595238095238,0.376984126984127,0.0,27.0,32.0,3.0,0.16078431372549015,0.6150793650793651,0.5571428571428572,0.05555555555555555,0.037739764536687,1.0,0.25,4.5,0.5
De'Andre Hunter,SF/PF,CLE,5500,26.37,6,30,32.5,13.0,1,86.0,3.1,26.18,151,63,-1,0,24.0,@DET,-1.5,-130,231.5,116.5,0.8888888888888888,0.7037037037037037,0.0,24.0,27.0,0.0,0.0,0.0,0.0,0.0,0.0,0.0,0.0,0.0,0.0
Caris LeVert,PG/SG,DET,5500,0.0,19,30,0.0,0.0,4,0.0,0.0,0.0,0,0,0,0,14.3,vs CLE,1.5,110,231.5,115.0,0.6785714285714286,0.5238095238095238,0.0,14.25,21.0,0.0,0.0,0.0,0.0,0.0,0.0,0.0,0.0,0.0,0.0
Wendell Carter Jr.,C,ORL,5500,26.56,22,30,33.73,17.18,1,84.0,5.3,27.67,91,69,6,0,25.6,@PHI,-6.5,-238,228.5,117.5,0.8336917562724014,0.4021505376344086,0.0,25.583333333333332,30.666666666666668,5.25,0.20638385461243156,0.7921146953405018,0.2698412698412698,0.19569892473118275,0.26889234961452196,4.0,0.8190476190476191,2.3333333333333335,1.0
Christian Braun,SG/SF,DEN,5500,26.42,1,30,39.27,16.64,1,82.0,2.2,25.82,229,64,1,0,22.4,@MIN,-6.5,-230,229.5,118.0,0.6831494057724957,0.5186757215619694,0.0,22.375,34.5,2.75,0.18882495457298598,0.5127334465195246,0.29166666666666663,0.17444821731748725,0.10136713426984705,3.5,0.6,2.0,1.0
Isaiah Collier,PG,UTA,5500,0.0,7,30,0.0,0.0,4,0.0,0.0,0.0,0,0,0,0,0.0,vs PHX,-1.5,-125,229.5,115.5,,,,,,,,,,,,,,,
Kyle Filipowski,PF/C,UTA,5400,24.51,12,30,44.21,16.85,1,83.0,2.5,26.09,205,63,-2,0,24.0,vs PHX,-1.5,-125,229.5,115.5,0.96,0.5800000000000001,0.0,24.0,25.0,1.375,0.05729166666666665,0.5800000000000001,0.75,0.04,0.0,2.5,0.5,4.0,1.0
Dillon Brooks,SG/SF,PHX,5400,0.0,21,30,0.0,0.0,4,0.0,2.5,0.0,0,0,0,0,34.0,@UTA,1.5,105,229.5,114.0,1.1130437838217724,0.7915876027830486,0.0,34.0,30.666666666666668,1.75,0.049635513375971364,0.8918288940426827,0.5648148148148148,0.14837069833907277,0.08550863289031586,2.0,0.1851851851851852,2.0,1.0
Jaden McDaniels,SF/PF,MIN,5300,26.85,16,30,36.74,18.79,1,85.0,19.3,29.46,26,83,-3,0,25.0,vs DEN,6.5,190,229.5,111.5,0.8246609499483064,0.5021103205011251,0.0,25.0,30.333333333333332,0.0,0.0,0.0,0.0,0.0,0.0,0.0,0.0,0.0,0.0
Nickeil Alexander-Walker,SG/SF,ATL,5300,23.06,24,30,29.34,6.97,2,80.0,2.0,22.34,198,48,1,0,27.8,@CHI,-2.5,-142,243.5,123.0,0.9374935995903738,0.6699692780337941,0.0,27.833333333333332,29.666666666666668,0.0,0.0,0.0,0.0,0.0,0.0,0.0,0.0,0.0,0.0
Matas Buzelis,PF,CHI,5300,25.82,30,30,39.42,15.64,1,78.0,21.6,30.54,24,78,3,0,21.1,vs ATL,2.5,120,243.5,120.5,0.8302696078431373,0.5759803921568628,0.0,21.125,23.0,4.0,0.11594202898550725,0.9411764705882353,0.575,0.17401960784313725,0.0671738160439703,2.0,0.05555555555555555,4.5,1.0
Donte DiVincenzo,PG/SG,MIN,5200,31.63,3,30,34.79758191520166,14.05,1,85.0,30.6,33.57,17,96,7,0,24.0,vs DEN,6.5,190,229.5,111.5,0.8701754385964913,0.6365914786967418,0.0,24.0,28.666666666666668,0.0,0.0,0.0,0.0,0.0,0.0,0.0,0.0,0.0,0.0
Jabari Smith Jr.,SF/PF,HOU,5200,25.54,2,30,31.78,14.38,1,84.0,0.6,27.47,221,63,2,0,25.6,vs BKN,-16.5,-1350,224.5,120.5,0.6255952380952381,0.37797619047619047,0.0,25.625,41.0,2.375,0.0922029702970297,0.5136904761904761,0.49206349206349204,0.0613095238095238,0.6310615989515072,1.0,0.0,3.5,0.5
Neemias Queta,C,BOS,5200,25.21,12,30,27.73467620000001,3.75,1,62.0,1.1,23.71,199,44,3,0,23.4,@NOP,-4.5,-198,231.5,118.0,0.9588461538461539,0.5353846153846153,0.0,23.416666666666668,24.333333333333332,2.5833333333333335,0.11685814185814185,0.7450349650349649,0.0,0.09594405594405593,0.8627450980392156,1.3333333333333333,0.16666666666666666,4.0,0.6666666666666666
Dylan Harper,PG/SG,SAS,5100,23.02,17,30,39.61,20.22,2,72.0,3.7,26.54,123,62,3,0,29.9,vs TOR,-4.5,-175,232.5,118.5,1.128901895206243,0.8697766501364702,0.0,29.916666666666668,26.0,4.333333333333333,0.1388018112156043,0.9340329835082458,0.1898148148148148,0.2869718986660516,0.1366797149577936,2.6666666666666665,0.41287878787878785,4.0,0.0
Keldon Johnson,SF/PF,SAS,5100,24.78,25,30,34.03,18.26,2,86.0,0.6,26.18,217,66,5,0,25.3,vs TOR,-4.5,-175,232.5,118.5,1.0456200846944947,0.561113127646703,0.0,25.25,24.333333333333332,0.8333333333333334,0.0268817204301075,0.713490623109498,0.25,0.1712522686025408,0.4351817253758267,2.0,0.25,3.6666666666666665,0.0
Tre Jones,PG,CHI,5000,31.31,17,30,39.36,19.73,1,87.0,20.8,28.84,24,90,3,0,35.5,vs ATL,2.5,120,243.5,120.5,1.1744342672413794,0.7575431034482758,0.0,35.5,30.5,1.125,0.0260314093824168,0.5495689655172413,0.125,0.2004310344827586,0.11900097081230876,2.0,0.25,5.0,0.0
Naz Reid,PF/C,MIN,5000,26.46,1,30,27.37,15.88,2,85.0,8.4,26.47,48,69,-3,0,23.7,vs DEN,6.5,190,229.5,111.5,1.043659420289855,0.5536231884057972,0.0,23.166666666666668,22.0,3.1666666666666665,0.10469194626431078,0.85,0.6428571428571428,0.1514492753623188,0.218525782285963,1.0,0.09523809523809523,3.3333333333333335,0.0
Zaccharie Risacher,SF/PF,ATL,5000,16.46,10,30,34.06,8.72,1,78.0,1.7,20.14,177,41,3,0,21.5,@CHI,-2.5,-142,243.5,123.0,1.0238095238095235,0.7619047619047619,0.0,21.5,21.0,0.0,0.0,0.7142857142857143,0.8,0.0952380952380952,1.0,2.0,0.0,2.0,1.0
Dereck Lively II,C,DAL,5000,0.0,7,30,0.0,0.0,4,0.0,0.0,0.0,0,0,0,0,19.3,vs OKC,8.5,295,225.5,108.5,1.139264828738513,0.635923141186299,0.0,19.25,16.666666666666668,0.0,0.0,0.0,0.0,0.0,0.0,0.0,0.0,0.0,0.0
Ace Bailey,SG/SF,UTA,5000,14.32,5,30,15.752000000000002,4.0,2,26.0,1.1,16.85,117,23,-1,0,6.8,vs PHX,-1.5,-125,229.5,115.5,0.39134615384615384,0.16346153846153844,0.0,6.75,16.5,0.0,0.0,0.5192307692307692,0.25,0.0,0.0,0.0,0.0,3.5,0.0
Sam Hauser,SF/PF,BOS,4900,14.89,24,30,23.69,4.21,2,78.0,1.7,18.46,140,34,2,0,17.8,@NOP,-4.5,-198,231.5,118.0,0.698051948051948,0.533008658008658,0.0,17.75,24.666666666666668,2.0,0.12128358960473871,0.5422077922077921,0.9166666666666666,0.0303030303030303,0.3333333333333333,1.0,0.0,6.0,0.6666666666666666
Sam Merrill,SG,CLE,4900,25.42,30,30,27.06,8.94,1,74.0,4.8,22.66,77,52,8,0,28.8,@DET,-1.5,-130,231.5,116.5,1.0402777777777779,0.8474358974358974,0.0,28.75,28.0,1.0833333333333333,0.0345210345210345,0.6605006105006105,0.8222222222222223,0.1322344322344322,0.2399017960921863,3.0,0.5833333333333334,3.0,0.6666666666666666
D'Angelo Russell,PG/SG,DAL,4900,18.99,30,30,39.64,9.15,2,84.0,4.2,25.7,98,52,-2,0,21.9,vs OKC,8.5,295,225.5,108.5,1.0941890166028096,0.7381864623243933,0.0,21.916666666666668,17.666666666666668,0.0,0.0,0.0,0.0,0.0,0.0,0.0,0.0,0.0,0.0
Jeremy Sochan,PF,SAS,4900,0.0,8,30,0.0,0.0,4,0.0,0.0,0.0,0,0,0,0,0.0,vs TOR,-4.5,-175,232.5,118.5,,,,,,,,,,,,,,,
Isaiah Stewart,C,DET,4900,18.36,5,30,32.13,10.37,2,85.0,1.4,18.97,170,45,0,0,27.3,vs CLE,1.5,110,231.5,115.0,1.213314659197012,0.5501027077497666,0.0,26.833333333333332,21.0,2.8333333333333335,0.0724230581338544,0.9188795518207282,0.1111111111111111,0.06214752567693743,0.3333333333333333,2.3333333333333335,0.3333333333333333,4.0,0.0
Ajay Mitchell,PG,OKC,4900,27.29,15,30,30.019179190000013,0.0,2,71.0,9.0,22.3,43,46,9,0,33.5,@DAL,-8.5,-375,225.5,117.0,1.321965113934261,0.913309134906231,0.0,33.5,27.333333333333332,2.6666666666666665,0.07053559678905116,0.837870538415003,0.3157407407407407,0.1929622907844323,0.42763793865358996,3.0,0.23931623931623927,3.6666666666666665,0.0
Aaron Wiggins,SF/PF,OKC,4800,21.2,9,30,23.18,2.16,2,77.0,0.6,24.74,166,43,3,0,23.3,@DAL,-8.5,-375,225.5,117.0,0.7897927689594356,0.5608465608465608,0.0,23.25,28.0,0.8333333333333334,0.045662100456621,0.6278659611992945,0.615079365079365,0.08024691358024687,0.4467607969468404,1.6666666666666667,0.0,4.666666666666667,0.0
Ayo Dosunmu,SG/SF,CHI,4800,21.82,25,30,31.12,16.48,2,84.0,1.7,24.39,186,59,2,0,22.0,vs ATL,2.5,120,243.5,120.5,0.8148148148148149,0.6481481481481481,0.0,22.0,27.0,1.375,0.06374787942059246,0.5555555555555556,0.375,0.037037037037037,0.0,1.5,0.0,3.5,0.0
Klay Thompson,SG/SF,DAL,4800,17.78,1,30,28.79,10.9,1,84.0,1.7,18.41,156,44,-2,0,17.0,vs OKC,8.5,295,225.5,108.5,0.8743761140819964,0.588680926916221,0.0,17.0,19.666666666666668,1.5833333333333333,0.09648394241417495,0.8168449197860963,0.7037037037037036,0.1087344028520499,0.35789288114430234,1.6666666666666667,0.0,2.6666666666666665,1.0
Harrison Barnes,PF,SAS,4800,23.19,7,30,33.07,13.18,1,82.0,1.1,21.55,187,54,2,0,13.7,vs TOR,-4.5,-175,232.5,118.5,0.44480392156862747,0.32209150326797387,0.0,13.666666666666666,29.666666666666668,2.25,0.18374758824197024,0.4069281045751634,0.626984126984127,0.05385620915032677,0.0377500943752359,3.3333333333333335,0.6666666666666666,3.3333333333333335,0.6666666666666666
Egor Demin,PG,BKN,4700,0.0,9,30,0.0,0.0,4,0.0,0.0,0.0,0,0,0,0,19.3,@HOU,16.5,800,224.5,104.0,0.855622009569378,0.5913237639553429,0.0,19.25,22.0,4.666666666666667,0.31031746031746027,0.6069218500797448,0.9166666666666666,0.045454545454545435,0.13020833333333334,0.3333333333333333,0.0,3.0,0.0
Daniel Gafford,C,DAL,4700,0.0,7,30,0.0,0.0,4,0.0,0.0,0.0,0,0,0,0,0.0,vs OKC,8.5,295,225.5,108.5,,,,,,,,,,,,,,,
Brice Sensabaugh,SG/SF,UTA,4700,21.33,4,30,35.45,17.89,2,79.0,5.9,20.84,62,57,4,0,27.5,vs PHX,-1.5,-125,229.5,115.5,1.2193675889328062,0.9090909090909092,0.0,27.5,22.5,2.75,0.10164650537634405,0.7539525691699605,1.0,0.0652173913043478,0.02596728122565565,0.5,0.16666666666666666,4.5,0.0
Chris Boucher,PF/C,BOS,4700,13.69,21,30,25.8,6.32,2,70.0,1.7,11.85,121,28,4,0,11.4,@NOP,-4.5,-198,231.5,118.0,0.8113425925925926,0.18287037037037038,0.0,11.416666666666666,13.333333333333334,0.0,0.0,0.6009259259259259,0.7222222222222222,0.0625,0.04744958481613284,1.0,0.0,2.6666666666666665,0.3333333333333333
Luguentz Dort,SG,OKC,4700,20.73,17,30,27.4,10.7,1,82.0,4.5,23.39,75,52,5,0,19.0,@DAL,-8.5,-375,225.5,117.0,0.49612403100775193,0.2559862187769164,0.0,19.0,38.333333333333336,0.8333333333333334,0.039682539682539666,0.4062015503875969,0.8000000000000002,0.06523112259546364,0.16530248239892423,2.0,0.0,3.3333333333333335,0.6666666666666666
Tari Eason,SF/PF,HOU,4700,18.45,29,30,27.83,12.95,2,86.0,4.5,23.69,73,54,11,0,12.9,vs BKN,-16.5,-1350,224.5,120.5,0.5133928571428572,0.28409090909090906,0.0,12.875,25.0,0.625,0.0568181818181818,0.4788961038961039,0.625,0.0357142857142857,0.5,0.5,0.0,5.0,0.0
Cason Wallace,PG/SG,OKC,4600,19.74,8,30,25.94,10.28,1,83.0,1.4,24.29,161,51,0,0,29.0,@DAL,-8.5,-375,225.5,117.0,0.8315018315018314,0.3846153846153846,0.0,29.0,34.0,0.375,0.0096774193548387,0.4423076923076923,0.6666666666666667,0.0357142857142857,0.3344481605351172,1.5,0.0,3.0,0.5
Gradey Dick,SG/SF,TOR,4600,15.09,12,30,29.41,11.53,2,81.0,1.7,12.56,131,36,0,0,20.3,@SAS,4.5,145,232.5,114.0,1.1060363247863247,0.7033475783475783,0.0,20.25,18.333333333333332,0.4166666666666667,0.013774104683195567,0.8425925925925926,0.3833333333333333,0.19978632478632483,0.22752436768273085,2.3333333333333335,0.3333333333333333,3.3333333333333335,0.0
Kevin Huerter,SG/SF,CHI,4600,25.16,20,30,37.93,18.67,2,80.0,11.6,24.39,35,69,5,0,29.3,vs ATL,2.5,120,243.5,120.5,1.0440613026819923,0.5893997445721584,0.0,29.25,28.0,2.625,0.09239727532410455,0.8077905491698596,0.5833333333333333,0.19731800766283525,0.0678804244220513,2.0,0.1833333333333333,5.5,0.0
Julian Champagnie,SG/SF,SAS,4600,22.88,20,30,31.7,14.14,1,80.0,1.7,23.65,180,56,8,0,21.3,vs TOR,-4.5,-175,232.5,118.5,0.6930764635603346,0.35647550776583037,0.0,21.333333333333332,30.666666666666668,1.9166666666666667,0.0804964539007092,0.4546117084826762,0.611111111111111,0.06669056152927116,1.0,2.0,0.16666666666666666,3.3333333333333335,0.0
Mouhamed Gueye,PF/C,ATL,4600,10.45,7,30,28.27,7.8,2,67.0,0.0,5.55,0,0,-1,0,19.0,@CHI,-2.5,-142,243.5,123.0,0.832367149758454,0.4140096618357488,0.0,19.0,19.333333333333332,1.3333333333333333,0.35797966401414677,0.6521739130434783,0.3333333333333333,0.0367149758454106,0.3333333333333333,1.3333333333333333,0.0,2.6666666666666665,0.6666666666666666
Saddiq Bey,SF/PF,NOP,4600,26.69,21,30,36.61,19.79,1,85.0,18.1,26.74,23,80,-1,0,22.4,vs BOS,4.5,164,231.5,113.5,0.7663690476190477,0.46309523809523806,0.0,22.375,29.0,2.5,0.0909090909090909,0.4928571428571428,0.5,0.0833333333333333,0.04642467626373455,1.0,0.1,4.0,0.5
Day'Ron Sharpe,C,BKN,4600,18.94,3,30,28.14,12.27,2,78.0,1.7,19.08,152,46,-5,0,15.4,@HOU,16.5,800,224.5,104.0,1.08015873015873,0.8634920634920635,0.0,15.416666666666666,14.333333333333334,0.0,0.0,0.0,0.0,0.0,0.0,0.0,0.0,0.0,0.0
Lonzo Ball,PG/SG,CLE,4500,0.0,8,30,0.0,0.0,4,0.0,0.0,0.0,0,0,0,0,20.8,@DET,-1.5,-130,231.5,116.5,0.9057971014492754,0.6376811594202899,0.0,20.833333333333332,23.0,1.4166666666666667,0.06559139784946237,0.6231884057971014,0.6111111111111112,0.1014492753623188,0.36980145684320376,2.3333333333333335,0.3333333333333333,6.0,0.0
Ryan Dunn,PF,PHX,4500,28.93,9,30,33.16,12.06,1,75.0,1.4,23.45,193,58,2,0,23.8,@UTA,1.5,105,229.5,114.0,1.0563341858482522,0.45667519181585675,0.0,23.833333333333332,21.666666666666668,1.75,0.050724637681159396,0.7965558397271953,0.4761904761904761,0.08037510656436486,0.6666666666666666,1.0,0.0,6.0,0.3333333333333333
Duncan Robinson,SG,DET,4500,18.62,18,30,23.07,4.11,1,77.0,0.6,22.23,144,41,8,0,16.9,vs CLE,1.5,110,231.5,115.0,0.48857821637426896,0.29791666666666666,0.0,16.916666666666668,33.333333333333336,1.5833333333333333,0.07337832770903634,0.39678362573099407,0.888888888888889,0.05730994152046779,0.3587056084900873,2.0,0.0,3.3333333333333335,1.0
Derik Queen,C,NOP,4500,19.06,6,30,29.5,11.25,2,55.00000000000001,1.1,19.5,153,39,2,0,20.4,vs BOS,4.5,164,231.5,113.5,0.7964285714285715,0.34285714285714286,0.0,20.375,25.0,0.625,0.0211864406779661,0.680952380952381,0.26666666666666666,0.15238095238095234,0.5413746600879064,2.5,0.0833333333333333,3.5,0.5
Luke Kornet,C,SAS,4500,0.0,28,30,0.0,0.0,4,0.0,0.0,0.0,0,0,0,0,26.8,vs TOR,-4.5,-175,232.5,118.5,0.9973214285714286,0.4446428571428571,0.0,26.0,25.5,0.625,0.01689189189189185,0.6526785714285714,0.0,0.1026785714285714,0.046665686612816,1.5,0.0,4.5,0.0
Ronald Holland II,SF/PF,DET,4500,18.07,26,30,20.67,2.67,2,78.0,5.7,19.65,46,38,4,0,24.7,vs CLE,1.5,110,231.5,115.0,1.3300094966761635,0.8995351626930574,0.0,24.666666666666668,19.666666666666668,0.0,0.0,0.0,0.0,0.0,0.0,0.0,0.0,0.0,0.0
Reed Sheppard,PG/SG,HOU,4500,18.52,28,30,28.1,2.31,2,64.0,0.6,21.08,152,35,6,0,20.3,vs BKN,-16.5,-1350,224.5,120.5,0.8589285714285715,0.5928571428571429,0.0,20.25,24.0,-0.25,-0.0131578947368421,0.7214285714285715,0.3402777777777778,0.04285714285714285,0.0,2.5,0.5,6.5,0.0
Walter Clayton Jr.,PG,UTA,4400,20.43,7,30,28.5,16.34,2,61.0,1.1,17.59,146,45,-1,0,25.4,vs PHX,-1.5,-125,229.5,115.5,1.3479166666666667,0.8472222222222222,0.0,25.375,19.0,1.625,0.0570175438596491,0.8194444444444444,0.6666666666666666,0.2111111111111111,0.0916041980568302,1.5,0.125,3.0,0.0
Steven Adams,C,HOU,4400,16.27,19,30,28.46,10.85,2,75.0,1.7,19.65,142,42,5,0,26.9,vs BKN,-16.5,-1350,224.5,120.5,0.8941891891891891,0.37513513513513513,0.0,26.125,31.0,0.0,0.0,0.6772972972972973,0.0,0.1605405405405405,0.17383169778716084,2.5,0.0,6.0,0.5
Alex Caruso,SG/SF,OKC,4400,0.0,9,30,0.0,0.0,4,0.0,0.0,0.0,0,0,0,0,22.0,@DAL,-8.5,-375,225.5,117.0,0.7333333333333333,0.3666666666666666,0.0,22.0,30.0,0.0,0.0,0.3666666666666666,0.8,0.0333333333333333,0.0,3.0,0.0,8.0,0.0
Luka Garza,C,BOS,4400,10.47,21,30,11.514054209692969,1.02,2,41.0,0.3,11.03,73,16,5,0,3.9,@NOP,-4.5,-198,231.5,118.0,0.39903846153846156,0.3205128205128205,0.0,3.875,9.5,0.0,0.0,0.7307692307692307,0.75,0.03846153846153845,0.0,0.5,0.0,3.0,0.0
Royce O'Neale,SF/PF,PHX,4400,24.9,13,30,27.73,9.74,1,82.0,24.1,29.04,15,72,6,0,21.3,@UTA,1.5,105,229.5,114.0,0.7489737274220033,0.458128078817734,0.0,21.25,28.333333333333332,0.0,0.0,0.0,0.0,0.0,0.0,0.0,0.0,0.0,0.0
Jaylon Tyson,SF,CLE,4300,14.85,13,30,24.26,0.0,2,56.00000000000001,1.7,14.9,116,24,6,0,13.3,@DET,-1.5,-130,231.5,116.5,0.6527777777777778,0.43381642512077295,0.0,13.333333333333334,19.333333333333332,0.0,0.0,0.4205314009661836,0.6666666666666666,0.0,0.0,0.0,0.0,3.3333333333333335,0.6666666666666666
Andre Drummond,C,PHI,4300,20.5,8,30,32.78,8.78,2,79.0,3.1,21.65,104,47,-2,0,15.8,vs ORL,6.5,195,228.5,111.0,1.1536458333333333,0.28125,0.0,15.75,9.5,5.25,0.17355371900826444,0.8541666666666666,0.1,0.09375,0.11454753722794946,2.0,0.5,1.5,1.0
Moritz Wagner,C,ORL,4300,0.0,30,30,0.0,0.0,4,0.0,0.0,0.0,0,0,0,0,0.0,@PHI,-6.5,-238,228.5,117.5,,,,,,,,,,,,,,,
Jalen Smith,C,CHI,4200,15.56,22,30,28.41,7.94,2,75.0,1.1,20.13,135,39,-2,0,16.5,vs ATL,2.5,120,243.5,120.5,1.0320378151260505,0.6659663865546218,0.0,16.5,15.5,0.75,0.032258064516129,0.9285714285714286,0.5,0.15966386554621845,0.5549450549450549,2.0,0.0,2.0,0.0
Anthony Black,PG/SG,ORL,4200,22.54,25,30,31.68,12.35,2,75.0,4.5,18.74,68,49,7,0,20.4,@PHI,-6.5,-238,228.5,117.5,0.8108178053830227,0.644927536231884,0.0,20.416666666666668,24.666666666666668,1.3333333333333333,0.0463768115942029,0.7181504485852312,0.3055555555555555,0.18095238095238095,0.10548894193167878,2.0,0.05555555555555553,4.0,0.0
Naji Marshall,SF/PF,DAL,4200,19.27,23,30,36.36,14.83,2,83.0,1.7,20.96,161,51,-3,0,18.9,vs OKC,8.5,295,225.5,108.5,0.7633333333333333,0.4446376811594203,0.0,18.916666666666668,24.333333333333332,1.5,0.05941358024691353,0.48695652173913045,0.0,0.16347826086956518,0.28899524846976693,2.0,0.08333333333333333,5.333333333333333,0.0
Noah Clowney,PF/C,BKN,4200,14.66,17,30,23.35,10.03,2,75.0,0.8,18.43,119,38,-3,0,14.7,@HOU,16.5,800,224.5,104.0,0.6923611111111111,0.4583333333333333,0.0,14.666666666666666,21.333333333333332,0.9166666666666666,0.056410256410256404,0.5388888888888889,0.8333333333333334,0.0472222222222222,0.3333333333333333,1.3333333333333333,0.0,3.6666666666666665,0.0
Jeremiah Fears,PG/SG,NOP,4200,21.58,2,30,22.5,19.0,1,60.0,6.0,23.45,47,54,-2,0,20.8,vs BOS,4.5,164,231.5,113.5,0.9157088122605364,0.8591954022988506,0.0,20.75,23.5,1.75,0.0921052631578947,0.7270114942528736,0.29166666666666663,0.30842911877394635,0.0856033844934032,2.5,0.2625,4.0,0.0
Karlo Matkovic,C,NOP,4100,3.82,6,30,30.66,3.05,2,84.0,0.9,10.59,92,16,1,0,0.0,vs BOS,4.5,164,231.5,113.5,,,,,,,,,,,,,,,
Patrick Williams,SF/PF,CHI,4100,14.71,11,30,28.05,7.85,2,81.0,1.7,15.79,120,35,-2,0,21.1,vs ATL,2.5,120,243.5,120.5,0.9049188640973631,0.486815415821501,0.0,21.125,23.0,2.625,0.14810500155327735,0.6288032454361054,0.41666666666666663,0.11561866125760649,0.11310636688453725,3.0,0.1,5.0,0.0
Max Christie,SG/SF,DAL,4100,24.15,1,30,24.53,10.31,1,74.0,4.0,18.84,69,48,3,0,17.6,vs OKC,8.5,295,225.5,108.5,0.6448488718603661,0.5395421947146085,0.0,17.583333333333332,27.333333333333332,0.5,0.03389830508474576,0.3677342240560631,0.8888888888888888,0.049382716049382706,0.0204831905080498,0.6666666666666666,0.16666666666666666,4.333333333333333,0.0
Collin Murray-Boyles,PF/C,TOR,4100,6.0,24,30,6.6000000000000005,2.0,2,0.0,1.7,11.69,50,10,1,0,2.0,@SAS,4.5,145,232.5,114.0,0.1538461538461538,0.0769230769230769,0.0,2.0,13.0,0.0,0.0,0.0,0.0,0.0,0.0,0.0,0.0,0.0,0.0
Jusuf Nurkic,C,UTA,4000,20.63,24,30,33.97,14.31,2,82.0,0.9,20.75,151,52,-2,0,21.6,vs PHX,-1.5,-125,229.5,115.5,1.235702614379085,0.5473856209150327,0.0,21.625,17.5,1.25,0.05785179240235415,0.9411764705882353,0.425,0.0588235294117647,0.5,0.5,0.25,2.5,0.0
Jose Alvarado,PG,NOP,4000,5.4,5,30,32.61,4.32,2,81.0,1.1,8.94,94,17,3,0,0.0,vs BOS,4.5,164,231.5,113.5,0.0,0.0,0.0,0.0,1.5,0.0,0.0,0.0,0.0,0.0,0.0,0.0,0.0,0.5,0.5
Dominick Barlow,PF/C,PHI,4000,0.0,8,30,0.0,0.0,4,0.0,0.0,0.0,0,0,0,0,19.0,vs ORL,6.5,195,228.5,111.0,0.6663602941176471,0.38786764705882354,0.0,19.0,25.0,2.0,0.06349206349206345,0.6176470588235294,0.5,0.1029411764705882,0.03509565199078195,1.0,0.0714285714285714,1.5,1.0
Dean Wade,SF/PF,CLE,4000,14.23,12,30,17.54,3.39,2,76.0,0.6,17.29,98,31,6,0,13.4,@DET,-1.5,-130,231.5,116.5,0.503469825933594,0.2779311402499807,0.0,13.416666666666666,26.0,0.4166666666666667,0.0268817204301075,0.39592439230120385,0.6666666666666666,0.06558162717583003,0.6666666666666666,3.0,0.0,6.333333333333333,0.0
Jonas Valanciunas,C,DEN,4000,18.79,9,30,26.12,6.07,2,83.0,1.4,15.63,121,38,6,0,19.3,@MIN,-6.5,-230,229.5,118.0,1.5344551282051282,0.9551282051282051,0.0,19.25,12.5,2.75,0.14873906330416875,1.1826923076923077,0.0,0.23076923076923075,0.02560849230372625,0.5,0.16666666666666666,2.0,0.0
Ziaire Williams,SG/SF,BKN,4000,0.0,30,30,0.0,0.0,4,0.0,0.0,0.0,0,0,0,0,17.2,@HOU,16.5,800,224.5,104.0,0.8336182336182336,0.48129154795821466,0.0,17.166666666666668,18.333333333333332,2.0,0.0579710144927536,0.5424501424501424,0.8333333333333334,0.09819563152896481,0.6666666666666666,1.3333333333333333,0.0,3.3333333333333335,0.0
Terrence Shannon Jr.,SG/SF,MIN,3900,12.3,16,30,14.45,0.0,2,56.00000000000001,1.7,16.25,84,23,7,0,12.4,vs DEN,6.5,190,229.5,111.5,0.7151282051282051,0.41128205128205125,0.0,12.416666666666666,16.0,0.5,0.019417475728155335,0.6405128205128205,0.16666666666666666,0.07333333333333333,0.0188697046891216,1.3333333333333333,0.0,3.0,0.0
Luke Kennard,PG/SG,ATL,3900,15.13,24,30,18.41,5.77,2,79.0,2.6,16.35,75,34,2,0,13.3,@CHI,-2.5,-142,243.5,123.0,0.5334023464458247,0.4211180124223602,0.0,13.25,24.666666666666668,1.6666666666666667,0.11515151515151513,0.3923395445134576,0.6,0.041476880607315365,0.0,2.0,0.0,2.6666666666666665,0.0
Svi Mykhailiuk,SG,UTA,3900,14.41,14,30,23.5,5.81,1,60.0,1.1,18.95,111,32,1,0,16.1,vs PHX,-1.5,-125,229.5,115.5,0.671875,0.47916666666666663,0.0,16.125,24.0,0.625,0.0446428571428571,0.3958333333333333,0.875,0.06249999999999995,0.5,2.0,0.0,3.0,1.0
Larry Nance Jr.,PF/C,CLE,3900,15.9,12,30,26.56,10.94,2,78.0,2.6,15.43,87,39,-1,0,16.8,@DET,-1.5,-130,231.5,116.5,1.1306168300653596,0.6380718954248367,0.0,16.833333333333332,15.0,0.6666666666666666,0.041025641025641,0.7883986928104575,0.05555555555555553,0.0625,0.029550827423167832,0.6666666666666666,0.1111111111111111,2.3333333333333335,1.0
Terance Mann,SF,BKN,3900,16.43,4,30,24.14,10.92,1,81.0,2.6,19.21,90,43,2,0,17.3,@HOU,16.5,800,224.5,104.0,0.715224721750613,0.45401810979060553,0.0,17.333333333333332,24.666666666666668,0.8333333333333334,0.0354609929078014,0.4192369364270892,0.7222222222222222,0.12676853423882284,0.36583194268058894,2.3333333333333335,0.3333333333333333,3.0,0.6666666666666666
Ben Saraf,PG,BKN,3800,19.06,29,30,20.34,3.33,1,39.0,2.9,18.73,76,29,2,0,11.8,@HOU,16.5,800,224.5,104.0,0.6550925925925926,0.4222222222222222,0.0,11.833333333333334,17.666666666666668,0.0,0.0,0.4851851851851852,0.2833333333333333,0.11851851851851851,0.04969297439142347,1.6666666666666667,0.0,1.6666666666666667,1.0
Marcus Sasser,PG/SG,DET,3800,0.0,6,30,0.0,0.0,4,0.0,0.0,0.0,0,0,0,0,0.0,vs CLE,1.5,110,231.5,115.0,,,,,,,,,,,,,,,
Jaylin Williams,C,OKC,3800,13.06,26,30,13.21,2.66,2,75.0,3.1,15.29,51,28,6,0,8.6,@DAL,-8.5,-375,225.5,117.0,0.5530626780626781,0.44358974358974357,0.0,8.583333333333334,15.333333333333334,1.1666666666666667,0.11504065040650406,0.505982905982906,1.0,0.0,0.0,0.0,0.0,3.6666666666666665,0.0
Bruce Brown,PG/SG,DEN,3800,18.3,1,30,32.61,10.08,2,83.0,2.9,15.12,87,41,3,0,20.0,@MIN,-6.5,-230,229.5,118.0,0.9691985645933016,0.5478468899521531,0.0,20.0,20.5,2.375,0.13344567485154865,0.5550239234449761,0.3333333333333333,0.0490430622009569,0.0,3.0,0.5,2.0,0.0
Adem Bona,C,PHI,3800,20.47,9,30,38.28,17.13,1,77.0,20.2,22.52,15,64,-2,0,5.4,vs ORL,6.5,195,228.5,111.0,0.4125,0.1833333333333333,0.0,5.375,13.5,0.0,0.0,0.375,0.0,0.04166666666666665,0.0,1.5,0.0,3.0,0.0
Goga Bitadze,C,ORL,3800,15.27,30,30,25.57,3.52,2,78.0,2.9,17.89,77,34,5,0,19.3,@PHI,-6.5,-238,228.5,117.5,1.0794633642930858,0.3869969040247678,0.0,19.333333333333332,17.666666666666668,2.4166666666666665,0.1128697818186694,0.8080495356037152,0.4444444444444444,0.12899896800825592,0.36371846102798155,2.3333333333333335,0.3333333333333333,2.6666666666666665,0.0
Hugo Gonzalez,PG/SF,BOS,3800,14.26,20,30,16.5,7.25,2,38.0,2.3,13.4,73,25,-1,0,11.9,@NOP,-4.5,-198,231.5,118.0,0.37338969404186795,0.10144927536231883,0.0,7.916666666666667,13.666666666666666,0.4166666666666667,0.025252525252525235,0.2004830917874396,0.2222222222222222,0.043478260869565195,0.027001485081679464,0.3333333333333333,0.1111111111111111,3.3333333333333335,0.0
Danny Wolf,PF/C,BKN,3700,0.0,17,30,0.0,0.0,4,0.0,0.0,0.0,0,0,0,0,0.0,@HOU,16.5,800,224.5,104.0,0.0,0.0,0.0,0.0,0.0,0.0,0.0,0.0,0.0,0.0,0.0,0.0,0.0,0.0,0.0
Tristan da Silva,SF/PF,ORL,3700,14.93,27,30,23.2,1.12,2,76.0,2.9,16.53,70,30,10,0,22.3,@PHI,-6.5,-238,228.5,117.5,1.0150462962962963,0.7037037037037036,0.0,22.333333333333332,22.0,0.0,0.0,0.0,0.0,0.0,0.0,0.0,0.0,0.0,0.0
Ochai Agbaji,SG/SF,TOR,3700,11.6,10,30,28.5,10.38,2,80.0,1.4,12.02,96,31,3,0,9.9,@SAS,4.5,145,232.5,114.0,0.5371212121212121,0.29797979797979796,0.0,9.916666666666666,18.0,0.0,0.0,0.4085858585858586,0.6666666666666666,0.07474747474747473,0.3333333333333333,2.3333333333333335,0.0,5.666666666666667,0.3333333333333333
Taylor Hendricks,PF,UTA,3700,13.4,3,30,28.57,12.87,2,78.0,3.1,14.73,68,38,-2,0,15.9,vs PHX,-1.5,-125,229.5,115.5,0.8579721362229102,0.48297213622291024,0.0,15.875,18.0,0.0,0.0,0.653250773993808,0.5833333333333333,0.0789473684210526,0.3401360544217686,0.5,0.0,3.5,0.0
Isaiah Joe,SG/SF,OKC,3700,0.0,13,30,0.0,0.0,4,0.0,0.0,0.0,0,0,0,0,0.0,@DAL,-8.5,-375,225.5,117.0,,,,,,,,,,,,,,,
Collin Gillespie,PG,PHX,3700,18.81,29,30,33.27,13.04,2,69.0,18.8,23.62,15,56,8,0,20.4,@UTA,1.5,105,229.5,114.0,0.9191017316017316,0.6071428571428571,0.0,20.416666666666668,21.333333333333332,2.8333333333333335,0.1037940379403794,0.5714285714285714,0.8214285714285715,0.10173160173160169,1.0,3.0,0.6666666666666666,3.0,0.0
Xavier Tillman,PF/C,BOS,3700,4.83,21,30,9.63,0.0,2,68.0,0.6,5.22,36,9,8,0,15.5,@NOP,-4.5,-198,231.5,118.0,0.6778273809523809,0.29464285714285715,0.0,10.333333333333334,10.0,0.4166666666666667,0.020576131687242767,0.4791666666666667,0.19999999999999998,0.023809523809523798,0.0,0.3333333333333333,0.0,3.0,0.0
Kelly Olynyk,C,SAS,3600,0.0,28,30,0.0,0.0,4,0.0,0.0,0.0,0,0,0,0,0.0,vs TOR,-4.5,-175,232.5,118.5,,,,,,,,,,,,,,,
Tyus Jones,PG,ORL,3600,11.01,25,30,24.99,9.73,2,84.0,1.1,14.77,91,33,3,0,6.9,@PHI,-6.5,-238,228.5,117.5,0.3450396825396825,0.23373015873015868,0.0,6.916666666666667,19.333333333333332,0.6666666666666666,0.06837606837606837,0.3845238095238095,0.7166666666666667,0.016666666666666666,0.0,1.3333333333333333,0.3333333333333333,3.3333333333333335,0.3333333333333333
Craig Porter Jr.,PG,CLE,3600,17.59,8,30,22.6,2.34,2,59.0,3.4,15.26,59,29,-2,0,13.9,@DET,-1.5,-130,231.5,116.5,1.0305059523809523,0.6904761904761904,0.0,13.916666666666666,12.333333333333334,0.4166666666666667,0.026455026455026436,0.5178571428571428,0.5555555555555555,0.09523809523809519,0.3333333333333333,1.0,0.0,2.3333333333333335,0.0
Jabari Walker,PF,PHI,3500,17.78,1,30,22.17,5.02,1,73.0,9.4,20.39,23,41,-5,0,9.5,vs ORL,6.5,195,228.5,111.0,0.5561403508771929,0.2245614035087719,0.0,9.5,17.0,0.625,0.0568181818181818,0.5771929824561403,1.0,0.0789473684210526,0.08077544426494344,0.5,0.16666666666666666,2.0,0.0
Jamal Shead,PG,TOR,3500,15.99,16,30,32.76,12.79,2,79.0,1.1,12.93,108,38,0,0,17.8,@SAS,4.5,145,232.5,114.0,1.1271929824561404,0.83296783625731,0.0,17.833333333333332,15.666666666666666,0.5,0.041666666666666664,0.6030701754385964,0.49999999999999994,0.1951754385964912,0.5434225830890985,2.6666666666666665,0.3333333333333333,5.0,0.0
Tyrese Martin,SG/SF,BKN,3500,13.96,7,30,28.64,12.17,2,76.0,5.1,16.44,41,39,-4,0,12.8,@HOU,16.5,800,224.5,104.0,0.8625356125356126,0.5370370370370371,0.0,12.833333333333334,15.666666666666666,1.1666666666666667,0.1111111111111111,0.6887464387464387,0.5555555555555555,0.06837606837606834,0.3333333333333333,2.3333333333333335,0.3333333333333333,3.3333333333333335,0.0
Josh Okogie,SG/SF,HOU,3500,16.18,16,30,26.95,10.58,1,72.0,17.7,18.56,12,46,5,0,15.5,vs BKN,-16.5,-1350,224.5,120.5,0.8477941176470588,0.5779411764705883,0.0,15.5,18.5,0.5,0.03448275862068965,0.6823529411764706,0.5833333333333333,0.21323529411764705,0.12718927425340154,3.5,0.3,5.5,0.5
Jordan Hawkins,SG/SF,NOP,3500,11.51,3,30,24.4,11.2,2,73.0,6.0,14.72,30,34,1,0,12.6,vs BOS,4.5,164,231.5,113.5,0.7258986928104575,0.5163398692810457,0.0,12.625,17.5,1.5,0.12317073170731706,0.4869281045751634,0.375,0.08660130718954245,0.5,3.0,0.0,2.5,0.0
Mike Conley,PG,MIN,3500,21.49,30,30,23.0,6.87,1,86.0,16.9,21.08,14,54,2,0,7.8,vs DEN,6.5,190,229.5,111.5,0.4734188034188034,0.37367521367521367,0.0,7.75,15.666666666666666,0.6666666666666666,0.05228758169934641,0.6110541310541311,0.4444444444444444,0.04,0.0917010545621275,1.3333333333333333,0.3333333333333333,3.3333333333333335,0.0
Tim Hardaway Jr.,SG/SF,DEN,3500,10.31,1,30,28.66,9.18,2,80.0,1.1,14.45,94,31,2,0,10.8,@MIN,-6.5,-230,229.5,118.0,0.46765734265734266,0.3234265734265734,0.0,10.75,24.0,0.625,0.04032258064516125,0.3811188811188811,0.775,0.0192307692307692,0.0,1.5,0.0,2.5,0.0
Vit Krejci,SG/SF,ATL,3500,6.43,24,30,26.44,4.69,2,81.0,0.3,4.37,65,14,1,0,15.5,@CHI,-2.5,-142,243.5,123.0,0.5476190476190476,0.39393939393939387,0.0,10.333333333333334,12.0,1.3333333333333333,0.08796296296296297,0.3701298701298701,0.5,0.045454545454545435,0.01968310205688417,0.6666666666666666,0.1111111111111111,2.3333333333333335,0.0
Oso Ighodaro,C,PHX,3500,16.18,9,30,21.56,10.69,1,68.0,0.6,17.93,97,38,3,0,12.8,@UTA,1.5,105,229.5,114.0,0.6320556826849733,0.44267734553775745,0.0,12.75,20.666666666666668,1.6666666666666667,0.18779392650360394,0.6335621662852784,0.0,0.06536994660564453,0.3333333333333333,2.3333333333333335,0.0,4.0,0.6666666666666666
Bismack Biyombo,C,SAS,3500,5.96,28,30,22.05,4.77,2,69.0,1.1,10.87,68,19,3,0,2.8,vs TOR,-4.5,-175,232.5,118.5,0.31805555555555554,0.13333333333333333,0.0,1.8333333333333333,5.666666666666667,0.0,0.0,0.22777777777777775,0.0,0.0,0.0,0.0,0.0,1.3333333333333333,0.3333333333333333
Dorian Finney-Smith,SF/PF,HOU,3500,0.0,16,30,0.0,0.0,4,0.0,0.0,0.0,0,0,0,0,0.0,vs BKN,-16.5,-1350,224.5,120.5,0.0,0.0,0.0,0.0,0.0,0.0,0.0,0.0,0.0,0.0,0.0,0.0,0.0,0.0,0.0
Jonathan Isaac,PF/C,ORL,3400,6.74,27,30,22.02,2.04,2,78.0,0.9,4.03,56,12,7,0,2.8,@PHI,-6.5,-238,228.5,117.5,0.44642857142857145,0.1111111111111111,0.0,2.8333333333333335,4.333333333333333,0.0,0.0,0.2619047619047619,0.6666666666666666,0.05555555555555553,0.0,0.6666666666666666,0.0,1.3333333333333333,0.6666666666666666
Peyton Watson,PF,DEN,3400,12.53,21,30,15.67,6.68,2,80.0,1.7,12.73,70,29,0,0,9.5,@MIN,-6.5,-230,229.5,118.0,0.51875,0.40625,0.0,9.5,18.0,-0.25,-0.0208333333333333,0.4375,0.0,0.1125,1.0,1.5,0.0,2.0,0.0
Khaman Maluach,C,PHX,3400,4.1,27,30,9.5,3.0,2,44.0,0.0,6.21,0,0,3,0,6.3,@UTA,1.5,105,229.5,114.0,0.44358974358974357,0.2717948717948718,0.0,4.166666666666667,6.0,0.6666666666666666,0.2222222222222222,0.43076923076923074,0.3333333333333333,0.1692307692307692,0.06137376273734254,1.6666666666666667,0.5,1.3333333333333333,0.3333333333333333
Brandon Williams,PG/SG,DAL,3400,0.0,30,30,0.0,0.0,4,0.0,1.7,0.0,0,0,0,0,4.0,vs OKC,8.5,295,225.5,108.5,0.4375,0.1964285714285714,0.0,4.0,9.5,0.75,0.16666666666666666,0.26785714285714285,0.0,0.0,0.0,0.0,0.0,2.5,1.0
Isaac Okoro,SF,CHI,3400,13.39,19,30,16.97,4.9,1,81.0,1.4,15.64,78,31,2,0,8.9,vs ATL,2.5,120,243.5,120.5,0.39229249011857703,0.15316205533596836,0.0,8.875,22.5,0.0,0.0,0.42391304347826086,0.375,0.0,0.0,0.0,0.0,4.0,1.0
Clint Capela,C,HOU,3300,10.15,19,30,29.09,9.16,2,87.0,0.6,7.41,77,25,0,0,6.3,vs BKN,-16.5,-1350,224.5,120.5,1.21875,0.5625,0.0,6.25,6.0,0.0,0.0,0.875,0.0,0.25,0.5,2.0,0.0,1.5,0.0
Jonathan Mogbo,PF/C,TOR,3300,6.47,24,30,41.38,5.18,2,81.0,0.0,2.08,0,0,-1,0,5.7,@SAS,4.5,145,232.5,114.0,1.2727272727272727,0.2045454545454545,0.0,5.666666666666667,5.666666666666667,0.0,0.0,0.712121212121212,0.0,0.0303030303030303,0.0,0.3333333333333333,0.0,1.6666666666666667,0.6666666666666666
Hunter Dickinson,C,NOP,3300,0.0,18,30,0.0,0.0,4,0.0,0.0,0.0,0,0,0,0,3.0,vs BOS,4.5,164,231.5,113.5,0.3,0.4,0.0,1.5,2.5,0.0,0.0,0.5,0.0,0.0,0.0,0.0,0.0,0.5,0.0
Trendon Watford,PF,PHI,3300,0.0,5,30,0.0,0.0,4,0.0,0.0,0.0,0,0,0,0,0.0,vs ORL,6.5,195,228.5,111.0,,,,,,,,,,,,,,,
Baylor Scheierman,SG,BOS,3300,3.77,24,30,19.34,0.95,2,61.0,0.0,3.26,0,0,-5,0,1.9,@NOP,-4.5,-198,231.5,118.0,0.2708333333333333,0.0,0.0,1.25,3.0,0.0,0.0,0.21666666666666667,0.0,0.0,0.0,0.0,0.0,1.0,0.3333333333333333
Jaden Hardy,PG,DAL,3300,5.68,22,30,24.86,3.23,2,67.0,0.0,6.41,0,0,-2,0,6.4,vs OKC,8.5,295,225.5,108.5,0.7837662337662339,0.5489177489177489,0.0,6.416666666666667,7.666666666666667,0.75,0.06666666666666667,0.6935064935064936,0.3666666666666667,0.19393939393939394,0.6666666666666666,2.3333333333333335,0.5,2.3333333333333335,0.6666666666666666
Jaylen Clark,SG/SF,MIN,3300,0.0,21,30,0.0,0.0,4,0.0,1.2,0.0,0,0,0,0,13.4,vs DEN,6.5,190,229.5,111.5,0.9240384615384615,0.5147435897435898,0.0,13.416666666666666,14.666666666666666,0.4166666666666667,0.027777777777777766,0.6439102564102565,0.3333333333333333,0.18664529914529912,0.07218100547141114,3.0,0.3333333333333333,4.333333333333333,0.6666666666666666
Jordan McLaughlin,PG,SAS,3300,3.15,20,30,11.52,1.01,2,57.99999999999999,1.4,7.97,37,10,2,0,3.0,vs TOR,-4.5,-175,232.5,118.5,0.42361111111111116,0.2916666666666667,0.0,3.0,7.0,0.0,0.0,0.0,0.0,0.0,0.0,0.0,0.0,0.0,0.0
Justin Edwards,SF/PF,PHI,3300,11.88,5,30,35.12,11.07,2,80.0,1.7,14.03,101,34,-3,0,5.4,vs ORL,6.5,195,228.5,111.0,0.4479166666666667,0.4583333333333333,0.0,5.375,6.0,0.625,0.0581395348837209,0.2916666666666667,0.5,0.04166666666666665,0.0,1.5,0.0,1.5,0.5
Paul Reed,C,DET,3300,6.76,5,30,19.07,3.8,2,72.0,0.6,5.11,51,14,3,0,17.1,vs CLE,1.5,110,231.5,115.0,1.0687134502923976,0.7251461988304092,0.0,11.416666666666666,7.333333333333333,0.4166666666666667,0.014245014245014233,0.7368421052631579,0.0,0.0350877192982456,0.3333333333333333,1.0,0.16666666666666666,1.6666666666666667,0.3333333333333333
Nigel Hayes-Davis,SF/PF,PHX,3300,15.96,21,30,17.556,2.48,2,55.00000000000001,1.7,15.13,80,27,6,0,10.4,@UTA,1.5,105,229.5,114.0,0.6408730158730158,0.27777777777777773,0.0,10.416666666666666,15.0,0.0,0.0,0.0,0.0,0.0,0.0,0.0,0.0,0.0,0.0
Asa Newell,PF,ATL,3200,3.35,7,30,28.0,2.68,2,24.0,0.0,3.92,0,0,-1,0,16.8,@CHI,-2.5,-142,243.5,123.0,0.8116666666666666,0.6166666666666667,0.0,10.666666666666666,9.666666666666666,1.4166666666666667,0.19754145225843336,0.5299999999999999,0.16666666666666666,0.02666666666666667,0.3333333333333333,1.3333333333333333,0.3333333333333333,1.6666666666666667,0.3333333333333333
Sandro Mamukelashvili,C,TOR,3200,15.75,15,30,28.87,7.82,2,66.0,2.6,17.66,77,35,4,0,16.5,@SAS,4.5,145,232.5,114.0,0.8827707219251337,0.6273395721925135,0.0,16.5,18.333333333333332,2.4166666666666665,0.1770422107500759,0.6128565062388591,0.6666666666666666,0.10795454545454543,0.0806247305158077,1.3333333333333333,0.2222222222222222,4.333333333333333,0.0
Jordan Goodwin,PG/SG,PHX,3200,2.92,30,30,17.13,1.81,2,73.0,0.9,8.74,46,12,7,0,5.0,@UTA,1.5,105,229.5,114.0,0.6472222222222223,0.43333333333333335,0.0,3.3333333333333335,3.6666666666666665,0.6666666666666666,0.38095238095238093,0.7999999999999999,0.4444444444444444,0.13333333333333333,0.3333333333333333,1.3333333333333333,0.3333333333333333,0.6666666666666666,0.6666666666666666
Nolan Traore,PG,BKN,3200,4.18,9,30,9.0,3.34,2,28.000000000000004,1.7,13.55,43,14,-1,0,9.0,@HOU,16.5,800,224.5,104.0,0.3333333333333333,0.14814814814814814,0.0,3.0,3.0,0.0,0.0,0.1111111111111111,0.16666666666666666,0.0,0.0,0.0,0.0,0.6666666666666666,0.3333333333333333
Keaton Wallace,PG,ATL,3200,4.99,26,30,25.55,0.0,2,70.0,0.3,4.9,57,9,-2,0,5.3,@CHI,-2.5,-142,243.5,123.0,0.4779040404040404,0.41077441077441074,0.0,5.333333333333333,10.666666666666666,0.5,0.06451612903225806,0.43350168350168355,0.4666666666666666,0.05555555555555553,0.3333333333333333,1.3333333333333333,0.3333333333333333,3.0,0.6666666666666666
Drake Powell,SG/SF,BKN,3200,0.0,7,30,0.0,0.0,4,0.0,0.0,0.0,0,0,0,0,4.0,@HOU,16.5,800,224.5,104.0,0.5714285714285714,0.4285714285714285,0.0,4.0,7.0,1.25,0.3125,0.4285714285714285,0.0,0.1428571428571428,0.0,4.0,1.0,2.0,1.0
Javonte Green,SG/SF,DET,3200,11.87,26,30,13.76,1.49,2,70.0,1.7,13.33,62,23,5,0,11.3,vs CLE,1.5,110,231.5,115.0,0.6666666666666666,0.32352941176470584,0.0,11.25,15.666666666666666,0.5,0.02941176470588233,0.47647058823529415,0.39999999999999997,0.03333333333333333,0.3333333333333333,0.3333333333333333,0.0,3.3333333333333335,0.0
Jamison Battle,SF,TOR,3200,4.82,10,30,27.4,3.86,2,76.0,0.0,3.38,0,0,-1,0,8.2,@SAS,4.5,145,232.5,114.0,0.8547378547378547,0.5675805675805675,0.0,8.166666666666666,9.0,0.6666666666666666,0.15686274509803919,0.6248196248196248,0.3333333333333333,0.0,0.0,0.0,0.0,2.0,1.0
Dante Exum,PG/SG,DAL,3100,0.0,30,30,0.0,0.0,4,0.0,0.0,0.0,0,0,0,0,0.0,vs OKC,8.5,295,225.5,108.5,,,,,,,,,,,,,,,
Bones Hyland,PG,MIN,3100,17.19,2,30,18.912415717072285,3.47,2,59.0,7.8,21.36,23,36,-1,0,10.8,vs DEN,6.5,190,229.5,111.5,0.7461622807017544,0.5712719298245613,0.0,10.75,14.333333333333334,1.3333333333333333,0.16718913270637406,0.49122807017543857,0.8333333333333334,0.07675438596491226,0.6666666666666666,2.3333333333333335,0.3333333333333333,2.6666666666666665,0.6666666666666666
Nick Richards,C,PHX,3100,5.88,27,30,26.78,4.7,2,78.0,0.3,8.37,64,17,2,0,8.2,@UTA,1.5,105,229.5,114.0,1.225925925925926,0.8444444444444444,0.0,8.166666666666666,8.0,0.5,0.10526315789473684,1.0185185185185186,0.0,0.26666666666666666,0.5917312661498708,1.0,0.0,2.0,0.6666666666666666
Johnny Juzang,SG/SF,MIN,3100,2.43,16,30,26.93,1.94,2,77.0,0.0,3.38,0,0,-1,0,2.3,vs DEN,6.5,190,229.5,111.5,0.25,0.1111111111111111,0.0,0.75,1.0,0.0,0.0,0.5555555555555556,0.2222222222222222,0.1111111111111111,0.0,1.3333333333333333,0.3333333333333333,0.3333333333333333,0.3333333333333333
Tyrese Proctor,SG,CLE,3100,11.25,8,30,12.3728,2.25,2,20.0,1.4,7.7,49,13,-1,0,6.0,@DET,-1.5,-130,231.5,116.5,0.265625,0.20138888888888887,0.0,4.0,9.333333333333334,0.0,0.0,0.2916666666666667,0.47222222222222215,0.020833333333333332,0.0,1.3333333333333333,0.3333333333333333,2.3333333333333335,0.6666666666666666
Ryan Nembhard,PG,DAL,3100,3.56,30,30,11.73,0.0,2,24.0,0.3,5.91,33,6,-1,0,5.4,vs OKC,8.5,295,225.5,108.5,0.2333333333333333,0.7333333333333334,0.0,5.416666666666667,9.333333333333334,0.6666666666666666,0.047619047619047596,0.7166666666666667,0.3333333333333333,0.11666666666666665,0.0179691603159262,1.3333333333333333,0.16666666666666666,2.3333333333333335,0.3333333333333333
Chaz Lanier,SG,DET,3100,4.0,19,30,5.0,1.5,2,11.0,1.4,7.36,25,7,1,0,3.3,vs CLE,1.5,110,231.5,115.0,0.2388888888888889,0.17777777777777778,0.0,2.1666666666666665,5.666666666666667,0.0,0.0,0.21666666666666667,0.6666666666666666,0.0,0.0,0.0,0.0,1.6666666666666667,0.0
Brooks Barnhizer,PF,OKC,3100,4.0,9,30,4.8,0.0,2,35.0,0.9,5.31,22,6,1,0,2.3,@DAL,-8.5,-375,225.5,117.0,0.1747835497835498,0.047619047619047596,0.0,2.3333333333333335,9.0,0.0,0.0,0.14935064935064932,0.0,0.023809523809523798,0.0,1.0,0.0,2.3333333333333335,0.0
Julian Phillips,SF/PF,CHI,3100,4.56,20,30,19.91,0.0,2,69.0,0.9,3.1,43,7,2,0,10.5,vs ATL,2.5,120,243.5,120.5,0.525,0.2,0.0,5.25,5.0,1.0,0.0952380952380952,0.35,0.25,0.05,0.0,2.0,0.5,1.0,0.5
N'Faly Dante,C,ATL,3100,2.4,23,30,20.78,1.92,2,60.0,0.0,1.22,0,0,-2,0,5.6,@CHI,-2.5,-142,243.5,123.0,0.5671296296296297,0.12037037037037036,0.0,3.75,4.333333333333333,0.0,0.0,0.0,0.0,0.0,0.0,0.0,0.0,0.0,0.0
Jett Howard,SG/SF,ORL,3100,5.93,27,30,11.68,1.0,2,56.00000000000001,1.4,2.46,31,7,3,0,3.5,@PHI,-6.5,-238,228.5,117.5,0.4212962962962963,0.28703703703703703,0.0,2.3333333333333335,4.333333333333333,0.0,0.0,0.27777777777777773,0.6666666666666666,0.0,0.0,0.0,0.0,2.0,0.3333333333333333
Ja'Kobe Walter,SG/SF,TOR,3000,0.0,12,30,0.0,0.0,2,0.0,0.0,0.0,0,0,0,0,0.0,@SAS,4.5,145,232.5,114.0,0.0,0.0,0.0,0.0,0.0,0.0,0.0,0.0,0.0,0.0,0.0,0.0,0.0,0.0,0.0
Colby Jones,SG,DET,3000,0.0,19,30,0.0,0.0,2,0.0,0.0,0.0,0,0,0,0,0.0,vs CLE,1.5,110,231.5,115.0,0.0,0.0,0.0,0.0,0.0,0.0,0.0,0.0,0.0,0.0,0.0,0.0,0.0,0.0,0.0
Joan Beringer,C,MIN,3000,2.16,1,30,7.0,1.72,2,0.0,0.0,1.11,0,0,-2,0,7.0,vs DEN,6.5,190,229.5,111.5,0.4666666666666666,0.13333333333333333,0.0,2.3333333333333335,1.6666666666666667,0.0,0.0,0.3333333333333333,0.0,0.0,0.0,0.0,0.0,0.3333333333333333,0.3333333333333333
Enrique Freeman,PF/C,MIN,3000,0.0,14,30,0.0,0.0,4,0.0,0.0,0.0,0,0,0,0,0.0,vs DEN,6.5,190,229.5,111.5,,,,,,,,,,,,,,,
Joe Ingles,SF/PF,MIN,3000,0.0,21,30,0.0,0.0,2,0.0,0.0,1.67,0,0,0,0,0.8,vs DEN,6.5,190,229.5,111.5,0.125,0.08333333333333333,0.0,0.5,1.3333333333333333,0.0,0.0,0.08333333333333333,0.3333333333333333,0.0,0.0,0.0,0.0,0.6666666666666666,0.6666666666666666
Rob Dillingham,PG,MIN,3000,7.91,2,30,8.696657200000004,0.0,2,57.99999999999999,1.4,8.16,37,13,-2,0,0.0,vs DEN,6.5,190,229.5,111.5,0.0,0.0,0.0,0.0,0.5,0.0,0.0,0.0,0.0,0.0,0.0,0.0,0.0,0.5,0.5
AJ Lawson,PG,TOR,3000,0.0,12,30,0.0,0.0,4,0.0,0.0,0.0,0,0,0,0,0.0,@SAS,4.5,145,232.5,114.0,,,,,,,,,,,,,,,
Garrett Temple,SG,TOR,3000,2.32,12,30,16.21,0.0,2,48.0,0.0,0.0,0,0,6,0,0.0,@SAS,4.5,145,232.5,114.0,0.0,0.0,0.0,0.0,0.0,0.0,0.0,0.0,0.0,0.0,0.0,0.0,0.0,0.0,0.0
Ousmane Dieng,PF/C,OKC,3000,3.0,20,30,11.2,0.0,2,56.99999999999999,0.6,3.32,26,5,3,0,1.6,@DAL,-8.5,-375,225.5,117.0,0.16111111111111112,0.06666666666666667,0.0,1.0833333333333333,6.666666666666667,0.0,0.0,0.35555555555555557,0.3333333333333333,0.0,0.0,0.0,0.0,2.0,0.3333333333333333
Orlando Robinson,C,ORL,3000,0.0,30,30,0.0,0.0,4,0.0,0.0,0.0,0,0,0,0,0.0,@PHI,-6.5,-238,228.5,117.5,,,,,,,,,,,,,,,
Caleb Martin,PF,DAL,3000,5.1,23,30,18.51,4.9,2,82.0,1.4,8.89,49,18,-2,0,5.5,vs OKC,8.5,295,225.5,108.5,0.4305555555555555,0.3055555555555556,0.0,3.6666666666666665,5.333333333333333,0.5,0.057142857142857134,0.3888888888888889,0.0,0.0,0.0,0.0,0.0,2.0,0.3333333333333333
Jalen Wilson,SG/SF,BKN,3000,7.85,30,30,31.06,6.28,2,80.0,2.3,14.18,69,26,-3,0,10.6,@HOU,16.5,800,224.5,104.0,0.47222222222222215,0.4444444444444444,0.0,7.083333333333333,10.0,0.5,0.039215686274509796,0.26666666666666666,0.6666666666666666,0.0,0.0,0.0,0.0,1.3333333333333333,0.6666666666666666
Julian Strawther,SG,DEN,3000,3.95,1,30,12.39,1.67,2,72.0,0.0,0.98,0,0,-1,0,5.0,@MIN,-6.5,-230,229.5,118.0,0.8333333333333334,0.6666666666666666,0.0,2.5,1.5,0.0,0.0,1.0,0.0,0.3333333333333333,0.5,2.0,0.5,0.5,0.5
Josh Minott,SF/PF,BOS,3000,14.86,9,30,16.346,0.25,1,38.0,1.7,16.84,72,22,10,0,13.4,@NOP,-4.5,-198,231.5,118.0,0.6369047619047619,0.35714285714285715,0.0,8.916666666666666,9.333333333333334,2.0,0.10389610389610389,0.2857142857142857,0.3333333333333333,0.11904761904761903,0.17453736590112667,1.6666666666666667,0.3333333333333333,3.0,0.0
Kyle Lowry,PG/SG,PHI,3000,3.06,21,30,19.22,2.45,2,80.0,0.0,2.85,0,0,0,0,0.0,vs ORL,6.5,195,228.5,111.0,0.0,0.0,0.0,0.0,0.0,0.0,0.0,0.0,0.0,0.0,0.0,0.0,0.0,0.0,0.0
Eric Gordon,SG,PHI,3000,3.98,1,30,25.07,3.18,2,79.0,0.3,3.25,48,10,-1,0,0.0,vs ORL,6.5,195,228.5,111.0,0.0,0.0,0.0,0.0,0.0,0.0,0.0,0.0,0.0,0.0,0.0,0.0,0.0,0.0,0.0
Hunter Sallis,SG,PHI,3000,0.0,1,30,0.0,0.0,2,0.0,0.0,0.0,0,0,0,0,0.0,vs ORL,6.5,195,228.5,111.0,,,,,,,,,,,,,,,
Johni Broome,C,PHI,3000,5.0,5,30,5.5,0.0,2,0.0,0.0,1.98,0,0,-4,0,0.0,vs ORL,6.5,195,228.5,111.0,0.0,0.0,0.0,0.0,0.0,0.0,0.0,0.0,0.0,0.0,0.0,0.0,0.0,0.0,0.0
JD Davison,PG,HOU,3000,0.0,28,30,0.0,0.0,2,0.0,0.0,0.98,0,0,0,0,0.0,vs BKN,-16.5,-1350,224.5,120.5,0.0,0.0,0.0,0.0,0.0,0.0,0.0,0.0,0.0,0.0,0.0,0.0,0.0,0.0,0.0
Aaron Holiday,PG/SG,HOU,3000,3.31,28,30,18.91,3.21,2,66.0,0.6,2.66,37,8,3,0,0.0,vs BKN,-16.5,-1350,224.5,120.5,0.0,0.0,0.0,0.0,0.0,0.0,0.0,0.0,0.0,0.0,0.0,0.0,0.0,0.0,0.0
Jeff Green,PF/C,HOU,3000,2.39,29,30,15.46,0.88,2,69.0,0.0,0.81,0,0,3,0,0.0,vs BKN,-16.5,-1350,224.5,120.5,0.0,0.0,0.0,0.0,0.0,0.0,0.0,0.0,0.0,0.0,0.0,0.0,0.0,0.0,0.0
Kevon Harris,SG,HOU,3000,0.0,26,30,0.0,0.0,4,0.0,0.0,0.0,0,0,0,0,0.0,vs BKN,-16.5,-1350,224.5,120.5,0.0,0.0,0.0,0.0,0.0,0.0,0.0,0.0,0.0,0.0,0.0,0.0,0.0,0.0,0.0
Isaiah Crawford,SF,HOU,3000,0.0,29,30,0.0,0.0,4,0.0,0.0,0.0,0,0,0,0,0.0,vs BKN,-16.5,-1350,224.5,120.5,,,,,,,,,,,,,,,
Jae'Sean Tate,SF,HOU,3000,2.08,29,30,15.49,1.23,2,73.0,0.0,1.77,0,0,5,0,0.0,vs BKN,-16.5,-1350,224.5,120.5,0.0,0.0,0.0,0.0,0.0,0.0,0.0,0.0,0.0,0.0,0.0,0.0,0.0,0.0,0.0
Fred VanVleet,PG,HOU,3000,0.0,28,30,0.0,0.0,4,0.0,0.0,0.0,0,0,0,0,0.0,vs BKN,-16.5,-1350,224.5,120.5,,,,,,,,,,,,,,,
Micah Peavy,SG/SF,NOP,3000,0.0,3,30,0.0,0.0,2,0.0,0.0,4.69,0,0,0,0,0.0,vs BOS,4.5,164,231.5,113.5,0.0,0.0,0.0,0.0,0.0,0.0,0.0,0.0,0.0,0.0,0.0,0.0,0.0,0.0,0.0
Bryce McGowens,SG/SF,NOP,3000,0.0,3,30,0.0,0.0,2,0.0,0.0,0.0,0,0,0,0,0.0,vs BOS,4.5,164,231.5,113.5,0.0,0.0,0.0,0.0,0.0,0.0,0.0,0.0,0.0,0.0,0.0,0.0,0.0,0.0,0.0
Trey Alexander,PG/SG,NOP,3000,0.0,3,30,0.0,0.0,4,0.0,1.2,0.0,0,0,0,0,0.0,vs BOS,4.5,164,231.5,113.5,0.0,0.0,0.0,0.0,0.0,0.0,0.0,0.0,0.0,0.0,0.0,0.0,0.0,0.0,0.0
DeAndre Jordan,C,NOP,3000,1.51,18,30,23.51,0.0,2,56.99999999999999,0.0,5.47,0,0,4,0,0.0,vs BOS,4.5,164,231.5,113.5,0.0,0.0,0.0,0.0,0.0,0.0,0.0,0.0,0.0,0.0,0.0,0.0,0.0,0.0,0.0
Kevon Looney,C,NOP,3000,0.0,18,30,0.0,0.0,4,0.0,0.0,0.0,0,0,0,0,0.0,vs BOS,4.5,164,231.5,113.5,,,,,,,,,,,,,,,
Dejounte Murray,PG,NOP,3000,0.0,5,30,0.0,0.0,4,0.0,0.0,0.0,0,0,0,0,0.0,vs BOS,4.5,164,231.5,113.5,,,,,,,,,,,,,,,
Leonard Miller,PF,MIN,3000,3.56,16,30,7.32,0.0,2,0.0,0.0,3.03,0,0,1,0,2.8,vs DEN,6.5,190,229.5,111.5,0.22916666666666666,0.25,0.0,0.9166666666666666,1.3333333333333333,0.0,0.0,0.25,0.0,0.0,0.0,0.0,0.0,0.3333333333333333,0.3333333333333333
Rocco Zikarsky,C,MIN,3000,0.0,1,30,0.0,0.0,4,0.0,0.0,0.0,0,0,0,0,0.0,vs DEN,6.5,190,229.5,111.5,,,,,,,,,,,,,,,
Carter Bryant,SF/PF,SAS,3000,3.0,25,30,3.3000000000000003,1.21,2,28.000000000000004,1.4,6.01,19,7,4,0,1.8,vs TOR,-4.5,-175,232.5,118.5,0.3314814814814815,0.19999999999999998,0.0,1.75,5.666666666666667,0.0,0.0,0.5703703703703703,0.5,0.13333333333333333,0.3333333333333333,0.3333333333333333,0.0,1.6666666666666667,0.6666666666666666
Harrison Ingram,SF,SAS,3000,3.48,25,30,8.04,1.96,2,9.0,0.3,0.0,17,6,4,0,4.8,vs TOR,-4.5,-175,232.5,118.5,0.3958333333333333,0.25,0.0,1.5833333333333333,1.3333333333333333,0.0,0.0,0.16666666666666666,0.0,0.0,0.0,0.0,0.0,0.3333333333333333,0.3333333333333333
David Jones-Garcia,SG,SAS,3000,2.55,25,30,9.25,2.04,2,0.0,0.0,0.0,0,0,0,0,9.3,vs TOR,-4.5,-175,232.5,118.5,,,,,,,,,,,,,,,
Riley Minix,SF,SAS,3000,0.0,25,30,0.0,0.0,2,0.0,0.0,0.0,0,0,0,0,1.3,vs TOR,-4.5,-175,232.5,118.5,0.20833333333333334,0.0,0.0,0.4166666666666667,0.6666666666666666,0.0,0.0,0.16666666666666666,0.0,0.0,0.0,0.0,0.0,0.3333333333333333,0.3333333333333333
Lindy Waters III,SG/SF,SAS,3000,0.0,17,30,0.0,0.0,4,0.0,0.0,0.0,0,0,0,0,0.0,vs TOR,-4.5,-175,232.5,118.5,,,,,,,,,,,,,,,
Kyle Anderson,PF,UTA,3000,0.0,3,30,0.0,0.0,2,0.0,0.0,0.0,0,0,0,0,0.0,vs PHX,-1.5,-125,229.5,115.5,0.0,0.0,0.0,0.0,0.0,0.0,0.0,0.0,0.0,0.0,0.0,0.0,0.0,0.0,0.0
Cody Williams,SF,UTA,3000,2.04,4,30,15.53,1.63,2,72.0,0.0,1.12,0,0,0,0,0.0,vs PHX,-1.5,-125,229.5,115.5,0.0,0.0,0.0,0.0,1.0,0.0,0.0,0.0,0.0,0.0,0.0,0.0,0.0,0.5,0.5
Oscar Tshiebwe,C,UTA,3000,0.0,24,30,0.0,0.0,4,0.0,0.0,0.0,0,0,0,0,0.0,vs PHX,-1.5,-125,229.5,115.5,0.0,0.0,0.0,0.0,0.0,0.0,0.0,0.0,0.0,0.0,0.0,0.0,0.0,0.0,0.0
John Tonje,SG,UTA,3000,0.0,5,30,0.0,0.0,4,0.0,0.0,0.0,0,0,0,0,0.0,vs PHX,-1.5,-125,229.5,115.5,,,,,,,,,,,,,,,
Kevin Love,C,UTA,3000,0.0,3,30,0.0,0.0,2,0.0,0.0,0.0,0,0,0,0,0.0,vs PHX,-1.5,-125,229.5,115.5,0.0,0.0,0.0,0.0,0.0,0.0,0.0,0.0,0.0,0.0,0.0,0.0,0.0,0.0,0.0
EJ Harkless,PG,UTA,3000,0.0,5,30,0.0,0.0,2,0.0,0.0,0.0,0,0,0,0,0.0,vs PHX,-1.5,-125,229.5,115.5,,,,,,,,,,,,,,,
Georges Niang,SF/PF,UTA,3000,0.0,4,30,0.0,0.0,4,0.0,0.0,0.0,0,0,0,0,0.0,vs PHX,-1.5,-125,229.5,115.5,,,,,,,,,,,,,,,
Moussa Cisse,C,DAL,3000,0.0,7,30,0.0,0.0,2,0.0,0.0,0.0,0,0,0,0,0.0,vs OKC,8.5,295,225.5,108.5,0.0,0.0,0.0,0.0,1.3333333333333333,0.0,0.0,0.0,0.0,0.0,0.0,0.0,0.0,0.6666666666666666,0.6666666666666666
Miles Kelly,SG,DAL,3000,0.0,30,30,0.0,0.0,2,0.0,0.0,0.0,0,0,0,0,-0.5,vs OKC,8.5,295,225.5,108.5,-0.25,0.5,0.0,-0.5,2.0,0.0,0.0,0.5,0.0,0.0,0.0,0.0,0.0,1.0,1.0
Dwight Powell,C,DAL,3000,13.38,7,30,14.718000000000002,1.29,2,66.0,0.0,9.68,0,0,-2,0,3.3,vs OKC,8.5,295,225.5,108.5,1.2916666666666667,0.9166666666666666,0.0,3.3333333333333335,3.3333333333333335,0.4166666666666667,0.0595238095238095,0.875,0.0,0.3333333333333333,0.3333333333333333,1.3333333333333333,0.3333333333333333,2.0,0.6666666666666666
Kyrie Irving,PG,DAL,3000,0.0,30,30,0.0,0.0,4,0.0,0.0,0.0,0,0,0,0,0.0,vs OKC,8.5,295,225.5,108.5,,,,,,,,,,,,,,,
Noa Essengue,PF,CHI,3000,0.0,11,30,0.0,0.0,2,0.0,0.0,0.0,0,0,0,0,0.0,vs ATL,2.5,120,243.5,120.5,0.0,0.0,0.0,0.0,0.0,0.0,0.0,0.0,0.0,0.0,0.0,0.0,0.0,0.0,0.0
Jevon Carter,PG,CHI,3000,2.4,10,30,19.06,1.92,2,62.0,0.0,0.0,0,0,2,0,0.0,vs ATL,2.5,120,243.5,120.5,0.0,0.0,0.0,0.0,0.0,0.0,0.0,0.0,0.0,0.0,0.0,0.0,0.0,0.0,0.0
Dalen Terry,PF,CHI,3000,2.94,20,30,21.24,2.35,2,67.0,0.6,2.69,40,7,-3,0,0.0,vs ATL,2.5,120,243.5,120.5,0.0,0.0,0.0,0.0,4.0,0.0,0.0,0.25,0.5,0.0,0.0,0.0,0.0,1.5,1.0
Lachlan Olbrich,C,CHI,3000,0.0,22,30,0.0,0.0,4,0.0,0.0,0.0,0,0,0,0,0.0,vs ATL,2.5,120,243.5,120.5,,,,,,,,,,,,,,,
Emanuel Miller,PF,CHI,3000,0.0,20,30,0.0,0.0,4,0.0,0.0,0.0,0,0,0,0,0.0,vs ATL,2.5,120,243.5,120.5,,,,,,,,,,,,,,,
Trentyn Flowers,SG,CHI,3000,0.0,20,30,0.0,0.0,4,0.0,0.0,0.0,0,0,0,0,0.0,vs ATL,2.5,120,243.5,120.5,,,,,,,,,,,,,,,
Zach Collins,C,CHI,3000,0.0,22,30,0.0,0.0,4,0.0,0.0,0.0,0,0,0,0,0.0,vs ATL,2.5,120,243.5,120.5,,,,,,,,,,,,,,,
Tolu Smith,C,DET,3000,0.0,26,30,0.0,0.0,2,0.0,0.0,0.0,0,0,0,0,0.0,vs CLE,1.5,110,231.5,115.0,0.0,0.0,0.0,0.0,0.0,0.0,0.0,0.0,0.0,0.0,0.0,0.0,0.0,0.0,0.0
Daniss Jenkins,PG,DET,3000,3.6,6,30,5.74,0.0,2,28.999999999999996,1.7,6.57,24,7,2,0,4.3,vs CLE,1.5,110,231.5,115.0,0.46666666666666673,0.39999999999999997,0.0,2.8333333333333335,5.0,1.0,0.25757575757575757,0.3666666666666667,0.16666666666666666,0.13333333333333333,0.3333333333333333,0.6666666666666666,0.0,1.0,0.6666666666666666
Bobi Klintman,SF,DET,3000,2.35,26,30,15.6,0.0,2,0.0,0.0,0.0,0,0,1,0,0.0,vs CLE,1.5,110,231.5,115.0,0.0,0.0,0.0,0.0,0.0,0.0,0.0,0.0,0.0,0.0,0.0,0.0,0.0,0.0,0.0
Jaden Ivey,PG,DET,3000,0.0,19,30,0.0,0.0,4,0.0,0.0,0.0,0,0,0,0,0.0,vs CLE,1.5,110,231.5,115.0,,,,,,,,,,,,,,,
Colin Castleton,C,ORL,3000,0.0,30,30,0.0,0.0,4,0.0,0.0,0.0,0,0,0,0,0.0,@PHI,-6.5,-238,228.5,117.5,,,,,,,,,,,,,,,
Jamal Cain,PF,ORL,3000,0.0,27,30,0.0,0.0,4,0.0,0.0,0.0,0,0,0,0,0.0,@PHI,-6.5,-238,228.5,117.5,0.0,0.0,0.0,0.0,0.0,0.0,0.0,0.0,0.0,0.0,0.0,0.0,0.0,0.0,0.0
Jase Richardson,PG/SG,ORL,3000,3.0,27,30,3.3000000000000003,2.5,2,0.0,0.0,0.7,0,0,4,0,2.5,@PHI,-6.5,-238,228.5,117.5,0.10416666666666667,0.16666666666666666,0.0,0.8333333333333334,2.6666666666666665,0.5,0.19999999999999998,0.25,0.2222222222222222,0.041666666666666664,0.0,1.0,0.0,0.3333333333333333,0.3333333333333333
Noah Penda,PF,ORL,3000,0.0,27,30,0.0,0.0,2,0.0,0.0,0.0,0,0,0,0,0.0,@PHI,-6.5,-238,228.5,117.5,0.0,0.0,0.0,0.0,0.0,0.0,0.0,0.0,0.0,0.0,0.0,0.0,0.0,0.0,0.0
E.J. Liddell,C,BKN,3000,0.0,17,30,0.0,0.0,2,0.0,0.3,2.02,0,0,0,0,0.0,@HOU,16.5,800,224.5,104.0,0.0,0.0,0.0,0.0,0.0,0.0,0.0,0.0,0.0,0.0,0.0,0.0,0.0,0.0,0.0
Tyson Etienne,PG,BKN,3000,2.04,9,30,20.02,1.63,2,55.00000000000001,0.6,3.44,38,6,-2,0,0.0,@HOU,16.5,800,224.5,104.0,0.0,0.0,0.0,0.0,0.0,0.0,0.0,0.0,0.0,0.0,0.0,0.0,0.0,0.0,0.0
Haywood Highsmith,SF,BKN,3000,0.0,30,30,0.0,0.0,4,0.0,0.0,0.0,0,0,0,0,0.0,@HOU,16.5,800,224.5,104.0,,,,,,,,,,,,,,,
Ron Harper Jr.,SF/PF,BOS,3000,0.0,24,30,0.0,0.0,2,0.0,0.0,0.0,0,0,0,0,0.0,@NOP,-4.5,-198,231.5,118.0,,,,,,,,,,,,,,,
Amari Williams,C,BOS,3000,0.0,21,30,0.0,0.0,4,0.0,0.0,0.0,0,0,0,0,1.3,@NOP,-4.5,-198,231.5,118.0,1.25,0.0,0.0,1.25,1.0,0.0,0.0,1.0,0.0,0.0,0.0,0.0,0.0,1.0,0.0
Max Shulga,PG,BOS,3000,0.0,4,30,0.0,0.0,4,0.0,0.0,0.0,0,0,0,0,0.0,@NOP,-4.5,-198,231.5,118.0,0.0,0.0,0.0,0.0,0.0,0.0,0.0,0.0,0.0,0.0,0.0,0.0,0.0,0.0,0.0
Jordan Walsh,SF/PF,BOS,3000,0.0,24,30,0.0,0.0,2,0.0,0.0,0.0,0,0,0,0,0.0,@NOP,-4.5,-198,231.5,118.0,0.0,0.0,0.0,0.0,0.6666666666666666,0.0,0.0,0.0,0.0,0.0,0.0,0.0,0.0,0.6666666666666666,0.3333333333333333
Jayson Tatum,PF,BOS,3000,0.0,30,30,0.0,0.0,4,0.0,0.0,0.0,0,0,0,0,0.0,@NOP,-4.5,-198,231.5,118.0,,,,,,,,,,,,,,,
Hunter Tyson,PF,DEN,3000,0.0,1,30,0.0,0.0,2,0.0,0.0,0.0,0,0,0,0,0.0,@MIN,-6.5,-230,229.5,118.0,0.0,0.0,0.0,0.0,0.0,0.0,0.0,0.0,0.0,0.0,0.0,0.0,0.0,0.0,0.0
Tamar Bates,SG,DEN,3000,0.0,6,30,0.0,0.0,4,0.0,0.0,0.0,0,0,0,0,0.0,@MIN,-6.5,-230,229.5,118.0,,,,,,,,,,,,,,,
Spencer Jones,SG,DEN,3000,0.0,1,30,0.0,0.0,2,0.0,0.0,3.24,0,0,0,0,1.5,@MIN,-6.5,-230,229.5,118.0,0.375,0.24999999999999994,0.0,1.5,4.5,0.0,0.0,0.24999999999999994,0.0,0.0,0.0,0.0,0.0,1.5,1.0
DaRon Holmes II,C,DEN,3000,3.2,9,30,3.5,2.56,2,0.0,0.0,0.0,0,0,4,0,3.5,@MIN,-6.5,-230,229.5,118.0,0.5833333333333334,0.5,0.0,1.75,1.5,0.0,0.0,0.0,0.0,0.0,0.0,0.0,0.0,0.0,0.0
Jalen Pickett,PG,DEN,3000,3.31,1,30,24.32,0.0,2,60.0,0.3,0.59,42,3,2,0,2.0,@MIN,-6.5,-230,229.5,118.0,0.3333333333333333,0.3333333333333333,0.0,1.0,1.5,1.0,0.5,0.16666666666666666,0.0,0.16666666666666666,0.0,2.0,0.5,0.5,0.5
Zeke Nnaji,PF/C,DEN,3000,4.25,21,30,13.85,0.03,2,65.0,0.6,0.0,27,7,2,0,3.5,@MIN,-6.5,-230,229.5,118.0,0.5833333333333334,0.5,0.0,1.75,1.5,0.0,0.0,0.3333333333333333,0.0,0.3333333333333333,0.5,2.0,0.5,0.5,0.5
Curtis Jones,PG,DEN,3000,0.0,6,30,0.0,0.0,4,0.0,0.0,0.0,0,0,0,0,0.0,@MIN,-6.5,-230,229.5,118.0,,,,,,,,,,,,,,,
Chucky Hepburn,PG,TOR,3000,0.0,16,30,0.0,0.0,4,0.0,0.0,0.0,0,0,0,0,0.0,@SAS,4.5,145,232.5,114.0,,,,,,,,,,,,,,,
Alijah Martin,SG,TOR,3000,0.0,12,30,0.0,0.0,4,0.0,0.0,0.0,0,0,0,0,0.0,@SAS,4.5,145,232.5,114.0,,,,,,,,,,,,,,,
CJ Huntley,C,PHX,3000,0.0,21,30,0.0,0.0,4,0.0,0.0,0.0,0,0,0,0,0.0,@UTA,1.5,105,229.5,114.0,,,,,,,,,,,,,,,
Isaiah Livers,PF,PHX,3000,2.3,25,30,17.2,1.84,2,71.0,0.0,1.04,0,0,4,0,3.5,@UTA,1.5,105,229.5,114.0,0.35,0.3,0.0,1.75,2.5,0.0,0.0,0.3,0.5,0.0,0.0,0.0,0.0,0.5,0.5
Rasheer Fleming,PF,PHX,3000,4.21,25,30,6.0,3.37,2,38.0,0.0,4.4,0,0,3,0,5.5,@UTA,1.5,105,229.5,114.0,0.5851851851851851,0.2740740740740741,0.0,3.6666666666666665,4.666666666666667,0.0,0.0,0.40740740740740744,0.3333333333333333,0.0,0.0,0.0,0.0,0.6666666666666666,0.6666666666666666
Koby Brea,SG/SF,PHX,3000,0.0,30,30,0.0,0.0,4,0.0,0.0,0.0,0,0,0,0,0.0,@UTA,1.5,105,229.5,114.0,0.0,0.0,0.0,0.0,0.0,0.0,0.0,0.0,0.0,0.0,0.0,0.0,0.0,0.0,0.0
Branden Carlson,C,OKC,3000,0.0,26,30,0.0,0.0,4,0.0,0.0,1.27,0,0,0,0,0.0,@DAL,-8.5,-375,225.5,117.0,0.0,0.0,0.0,0.0,1.5,0.0,0.0,0.0,0.0,0.0,0.0,0.0,0.0,1.0,1.0
Chris Youngblood,SG,OKC,3000,3.59,13,30,5.1,0.73,2,37.0,0.6,4.26,19,6,0,0,2.9,@DAL,-8.5,-375,225.5,117.0,0.35353535353535354,0.28787878787878785,0.0,2.9166666666666665,5.666666666666667,0.0,0.0,0.29797979797979796,0.3333333333333333,0.1212121212121212,0.017882730648414433,1.3333333333333333,0.3333333333333333,2.6666666666666665,0.6666666666666666
Nikola Topic,PG,OKC,3000,0.0,15,30,0.0,0.0,4,0.0,0.0,0.0,0,0,0,0,0.0,@DAL,-8.5,-375,225.5,117.0,,,,,,,,,,,,,,,
Thomas Sorber,C,OKC,3000,0.0,20,30,0.0,0.0,4,0.0,0.0,0.0,0,0,0,0,0.0,@DAL,-8.5,-375,225.5,117.0,,,,,,,,,,,,,,,
Kenrich Williams,PF/C,OKC,3000,0.0,20,30,0.0,0.0,4,0.0,0.0,0.0,0,0,0,0,0.0,@DAL,-8.5,-375,225.5,117.0,,,,,,,,,,,,,,,
Caleb Houstan,SF/PF,ATL,3000,0.0,18,30,0.0,0.0,4,0.0,0.0,0.0,0,0,0,0,0.0,@CHI,-2.5,-142,243.5,123.0,0.0,0.0,0.0,0.0,1.0,0.0,0.0,0.0,0.0,0.0,0.0,0.0,0.0,0.5,0.5
Jacob Toppin,PF,ATL,3000,0.0,18,30,0.0,0.0,4,0.0,0.0,0.0,0,0,0,0,2.0,@CHI,-2.5,-142,243.5,123.0,0.2,0.2,0.0,1.0,2.5,0.0,0.0,0.2,0.0,0.1,0.0,2.0,0.5,0.5,0.5
Nikola Djurisic,SF,ATL,3000,0.0,18,30,0.0,0.0,4,0.0,0.0,0.0,0,0,0,0,0.0,@CHI,-2.5,-142,243.5,123.0,,,,,,,,,,,,,,,
Eli Ndiaye,C,ATL,3000,0.0,23,30,0.0,0.0,4,0.0,0.0,0.0,0,0,0,0,0.0,@CHI,-2.5,-142,243.5,123.0,,,,,,,,,,,,,,,
Luke Travers,SF,CLE,3000,2.44,13,30,9.48,0.0,2,39.0,0.0,0.0,0,0,6,0,0.0,@DET,-1.5,-130,231.5,116.5,0.0,0.0,0.0,0.0,0.0,0.0,0.0,0.0,0.0,0.0,0.0,0.0,0.0,0.0,0.0
Thomas Bryant,C,CLE,3000,2.23,11,30,10.74,0.32,2,66.0,0.0,0.0,0,0,-2,0,0.0,@DET,-1.5,-130,231.5,116.5,0.0,0.0,0.0,0.0,0.0,0.0,0.0,0.0,0.0,0.0,0.0,0.0,0.0,0.0,0.0
Nae'Qwan Tomlin,PF/C,CLE,3000,0.0,12,30,0.0,0.0,4,0.0,0.0,1.7,0,0,0,0,0.0,@DET,-1.5,-130,231.5,116.5,0.0,0.0,0.0,0.0,0.0,0.0,0.0,0.0,0.0,0.0,0.0,0.0,0.0,0.0,0.0
